Date,AQI_Forecast
2025-01-01,115.71166
2025-01-02,116.32978
2025-01-03,116.90612
2025-01-04,117.446465
2025-01-05,117.955765
2025-01-06,118.43959
2025-01-07,118.909134
2025-01-08,119.36446
2025-01-09,119.80926
2025-01-10,120.24823
2025-01-11,120.683945
2025-01-12,121.10863
2025-01-13,121.526146
2025-01-14,121.93601
2025-01-15,122.33881
2025-01-16,122.73516
2025-01-17,123.12871
2025-01-18,123.51824
2025-01-19,123.90909
2025-01-20,124.28964
2025-01-21,124.66635
2025-01-22,125.04146
2025-01-23,125.41586
2025-01-24,125.781784
2025-01-25,126.14678
2025-01-26,126.504166
2025-01-27,126.8621
2025-01-28,127.217316
2025-01-29,127.56394
2025-01-30,127.905594
2025-01-31,128.24432
2025-02-01,128.57481
2025-02-02,128.90352
2025-02-03,129.22975
2025-02-04,129.55302
2025-02-05,129.87305
2025-02-06,130.18971
2025-02-07,130.50299
2025-02-08,130.81284
2025-02-09,131.11934
2025-02-10,131.42255
2025-02-11,131.72253
2025-02-12,132.01933
2025-02-13,132.31303
2025-02-14,132.60362
2025-02-15,132.89122
2025-02-16,133.17586
2025-02-17,133.45761
2025-02-18,133.73651
2025-02-19,134.01268
2025-02-20,134.28612
2025-02-21,134.55688
2025-02-22,134.825
2025-02-23,135.09055
2025-02-24,135.35358
2025-02-25,135.61409
2025-02-26,135.87215
2025-02-27,136.12778
2025-02-28,136.38104
2025-03-01,136.63197
2025-03-02,136.88054
2025-03-03,137.12686
2025-03-04,137.37091
2025-03-05,137.61278
2025-03-06,137.8525
2025-03-07,138.09003
2025-03-08,138.32552
2025-03-09,138.55894
2025-03-10,138.79034
2025-03-11,139.01973
2025-03-12,139.24715
2025-03-13,139.47264
2025-03-14,139.6962
2025-03-15,139.9179
2025-03-16,140.13774
2025-03-17,140.35574
2025-03-18,140.57196
2025-03-19,140.78639
2025-03-20,140.99908
2025-03-21,141.21005
2025-03-22,141.41933
2025-03-23,141.62689
2025-03-24,141.83286
2025-03-25,142.03719
2025-03-26,142.23988
2025-03-27,142.44104
2025-03-28,142.64061
2025-03-29,142.83865
2025-03-30,143.03516
2025-03-31,143.2302
2025-04-01,143.42372
2025-04-02,143.6158
2025-04-03,143.80646
2025-04-04,143.9957
2025-04-05,144.1835
2025-04-06,144.36995
2025-04-07,144.55504
2025-04-08,144.7388
2025-04-09,144.92117
2025-04-10,145.10226
2025-04-11,145.28207
2025-04-12,145.46057
2025-04-13,145.63783
2025-04-14,145.81386
2025-04-15,145.98862
2025-04-16,146.1622
2025-04-17,146.33453
2025-04-18,146.5057
2025-04-19,146.6757
2025-04-20,146.84454
2025-04-21,147.01225
2025-04-22,147.17882
2025-04-23,147.34425
2025-04-24,147.50862
2025-04-25,147.67186
2025-04-26,147.83403
2025-04-27,147.99516
2025-04-28,148.15524
2025-04-29,148.31425
2025-04-30,148.47226
2025-05-01,148.62923
2025-05-02,148.78523
2025-05-03,148.94023
2025-05-04,149.09424
2025-05-05,149.24728
2025-05-06,149.39938
2025-05-07,149.55055
2025-05-08,149.70073
2025-05-09,149.85005
2025-05-10,149.99841
2025-05-11,150.14587
2025-05-12,150.29248
2025-05-13,150.43819
2025-05-14,150.58302
2025-05-15,150.72699
2025-05-16,150.87015
2025-05-17,151.01242
2025-05-18,151.15385
2025-05-19,151.2945
2025-05-20,151.43433
2025-05-21,151.57332
2025-05-22,151.71153
2025-05-23,151.849
2025-05-24,151.98566
2025-05-25,152.12154
2025-05-26,152.25668
2025-05-27,152.39107
2025-05-28,152.52475
2025-05-29,152.65765
2025-05-30,152.78987
2025-05-31,152.92134
2025-06-01,153.05212
2025-06-02,153.18224
2025-06-03,153.3116
2025-06-04,153.44034
2025-06-05,153.56839
2025-06-06,153.69574
2025-06-07,153.82246
2025-06-08,153.94855
2025-06-09,154.07397
2025-06-10,154.19876
2025-06-11,154.32294
2025-06-12,154.44647
2025-06-13,154.56943
2025-06-14,154.69174
2025-06-15,154.81349
2025-06-16,154.93465
2025-06-17,155.05522
2025-06-18,155.17523
2025-06-19,155.29463
2025-06-20,155.4135
2025-06-21,155.53181
2025-06-22,155.64957
2025-06-23,155.7668
2025-06-24,155.88347
2025-06-25,155.99963
2025-06-26,156.11528
2025-06-27,156.23042
2025-06-28,156.34503
2025-06-29,156.45915
2025-06-30,156.57278
2025-07-01,156.68594
2025-07-02,156.79855
2025-07-03,156.91077
2025-07-04,157.02243
2025-07-05,157.1337
2025-07-06,157.24449
2025-07-07,157.35483
2025-07-08,157.46472
2025-07-09,157.57414
2025-07-10,157.6832
2025-07-11,157.79176
2025-07-12,157.8999
2025-07-13,158.00764
2025-07-14,158.11499
2025-07-15,158.22191
2025-07-16,158.32846
2025-07-17,158.4346
2025-07-18,158.54031
2025-07-19,158.64568
2025-07-20,158.75064
2025-07-21,158.85526
2025-07-22,158.95949
2025-07-23,159.06334
2025-07-24,159.16687
2025-07-25,159.27003
2025-07-26,159.3728
2025-07-27,159.47527
2025-07-28,159.57741
2025-07-29,159.67918
2025-07-30,159.78065
2025-07-31,159.88177
2025-08-01,159.9826
2025-08-02,160.0831
2025-08-03,160.18329
2025-08-04,160.28316
2025-08-05,160.38274
2025-08-06,160.48203
2025-08-07,160.58101
2025-08-08,160.6797
2025-08-09,160.7781
2025-08-10,160.87624
2025-08-11,160.97408
2025-08-12,161.07169
2025-08-13,161.16899
2025-08-14,161.26604
2025-08-15,161.3628
2025-08-16,161.45935
2025-08-17,161.55562
2025-08-18,161.65163
2025-08-19,161.74744
2025-08-20,161.84299
2025-08-21,161.9383
2025-08-22,162.03333
2025-08-23,162.1282
2025-08-24,162.22281
2025-08-25,162.3172
2025-08-26,162.41139
2025-08-27,162.50534
2025-08-28,162.59906
2025-08-29,162.69263
2025-08-30,162.78593
2025-08-31,162.87907
2025-09-01,162.97197
2025-09-02,163.06473
2025-09-03,163.15726
2025-09-04,163.2496
2025-09-05,163.34177
2025-09-06,163.43375
2025-09-07,163.52554
2025-09-08,163.61716
2025-09-09,163.7086
2025-09-10,163.79987
2025-09-11,163.89099
2025-09-12,163.98192
2025-09-13,164.0727
2025-09-14,164.16331
2025-09-15,164.25375
2025-09-16,164.34402
2025-09-17,164.43419
2025-09-18,164.52422
2025-09-19,164.61407
2025-09-20,164.70378
2025-09-21,164.79333
2025-09-22,164.88274
2025-09-23,164.97203
2025-09-24,165.06119
2025-09-25,165.1502
2025-09-26,165.23909
2025-09-27,165.32785
2025-09-28,165.4165
2025-09-29,165.505
2025-09-30,165.59338
2025-10-01,165.68166
2025-10-02,165.76982
2025-10-03,165.85785
2025-10-04,165.94579
2025-10-05,166.03358
2025-10-06,166.12128
2025-10-07,166.20891
2025-10-08,166.29639
2025-10-09,166.38379
2025-10-10,166.47104
2025-10-11,166.55827
2025-10-12,166.64536
2025-10-13,166.73233
2025-10-14,166.81926
2025-10-15,166.9061
2025-10-16,166.99278
2025-10-17,167.07939
2025-10-18,167.16595
2025-10-19,167.25238
2025-10-20,167.33879
2025-10-21,167.42508
2025-10-22,167.51129
2025-10-23,167.59741
2025-10-24,167.68347
2025-10-25,167.76945
2025-10-26,167.85536
2025-10-27,167.94115
2025-10-28,168.02695
2025-10-29,168.11266
2025-10-30,168.19824
2025-10-31,168.28377
2025-11-01,168.36926
2025-11-02,168.45471
2025-11-03,168.54002
2025-11-04,168.62534
2025-11-05,168.71057
2025-11-06,168.79575
2025-11-07,168.88086
2025-11-08,168.96591
2025-11-09,169.05089
2025-11-10,169.13583
2025-11-11,169.22073
2025-11-12,169.30554
2025-11-13,169.39034
2025-11-14,169.47507
2025-11-15,169.55972
2025-11-16,169.64435
2025-11-17,169.72894
2025-11-18,169.81346
2025-11-19,169.89795
2025-11-20,169.9824
2025-11-21,170.06677
2025-11-22,170.15114
2025-11-23,170.23543
2025-11-24,170.31973
2025-11-25,170.40396
2025-11-26,170.48813
2025-11-27,170.57228
2025-11-28,170.65639
2025-11-29,170.74045
2025-11-30,170.82446
2025-12-01,170.90848
2025-12-02,170.99243
2025-12-03,171.07635
2025-12-04,171.16022
2025-12-05,171.2441
2025-12-06,171.32794
2025-12-07,171.41171
2025-12-08,171.49545
2025-12-09,171.57921
2025-12-10,171.6629
2025-12-11,171.74655
2025-12-12,171.8302
2025-12-13,171.9138
2025-12-14,171.99739
2025-12-15,172.08095
2025-12-16,172.16449
2025-12-17,172.24799
2025-12-18,172.33145
2025-12-19,172.41489
2025-12-20,172.49832
2025-12-21,172.58174
2025-12-22,172.66512
2025-12-23,172.74847
2025-12-24,172.83179
2025-12-25,172.91512
2025-12-26,172.9984
2025-12-27,173.08165
2025-12-28,173.16492
2025-12-29,173.24812
2025-12-30,173.33133
2025-12-31,173.41454
2026-01-01,173.49768
2026-01-02,173.58078
2026-01-03,173.66396
2026-01-04,173.74706
2026-01-05,173.83014
2026-01-06,173.91322
2026-01-07,173.99629
2026-01-08,174.07932
2026-01-09,174.16235
2026-01-10,174.24533
2026-01-11,174.32834
2026-01-12,174.41133
2026-01-13,174.4943
2026-01-14,174.57721
2026-01-15,174.66014
2026-01-16,174.74304
2026-01-17,174.82597
2026-01-18,174.90886
2026-01-19,174.99174
2026-01-20,175.07457
2026-01-21,175.15742
2026-01-22,175.24026
2026-01-23,175.32309
2026-01-24,175.4059
2026-01-25,175.4887
2026-01-26,175.57146
2026-01-27,175.65424
2026-01-28,175.737
2026-01-29,175.81975
2026-01-30,175.90248
2026-01-31,175.98518
2026-02-01,176.06792
2026-02-02,176.15059
2026-02-03,176.2333
2026-02-04,176.31596
2026-02-05,176.39862
2026-02-06,176.48131
2026-02-07,176.56393
2026-02-08,176.64659
2026-02-09,176.72919
2026-02-10,176.81183
2026-02-11,176.89442
2026-02-12,176.97702
2026-02-13,177.05962
2026-02-14,177.14221
2026-02-15,177.22476
2026-02-16,177.30731
2026-02-17,177.38988
2026-02-18,177.47241
2026-02-19,177.55495
2026-02-20,177.63748
2026-02-21,177.71999
2026-02-22,177.80247
2026-02-23,177.88498
2026-02-24,177.96748
2026-02-25,178.04997
2026-02-26,178.13242
2026-02-27,178.21489
2026-02-28,178.29733
2026-03-01,178.37979
2026-03-02,178.46219
2026-03-03,178.54465
2026-03-04,178.62706
2026-03-05,178.70947
2026-03-06,178.79187
2026-03-07,178.87424
2026-03-08,178.95662
2026-03-09,179.039
2026-03-10,179.12137
2026-03-11,179.20374
2026-03-12,179.28609
2026-03-13,179.36842
2026-03-14,179.45073
2026-03-15,179.53307
2026-03-16,179.61537
2026-03-17,179.69766
2026-03-18,179.78
2026-03-19,179.86227
2026-03-20,179.94453
2026-03-21,180.02681
2026-03-22,180.10907
2026-03-23,180.19133
2026-03-24,180.27356
2026-03-25,180.3558
2026-03-26,180.43802
2026-03-27,180.52025
2026-03-28,180.60246
2026-03-29,180.68465
2026-03-30,180.76688
2026-03-31,180.84901
2026-04-01,180.9312
2026-04-02,181.01335
2026-04-03,181.0955
2026-04-04,181.17763
2026-04-05,181.25978
2026-04-06,181.3419
2026-04-07,181.42401
2026-04-08,181.5061
2026-04-09,181.58818
2026-04-10,181.67032
2026-04-11,181.75237
2026-04-12,181.83443
2026-04-13,181.91647
2026-04-14,181.99852
2026-04-15,182.08055
2026-04-16,182.16257
2026-04-17,182.2446
2026-04-18,182.32657
2026-04-19,182.40857
2026-04-20,182.49052
2026-04-21,182.5725
2026-04-22,182.65445
2026-04-23,182.7364
2026-04-24,182.81833
2026-04-25,182.90024
2026-04-26,182.98216
2026-04-27,183.06406
2026-04-28,183.14594
2026-04-29,183.2278
2026-04-30,183.30963
2026-05-01,183.39151
2026-05-02,183.47333
2026-05-03,183.55515
2026-05-04,183.63696
2026-05-05,183.71873
2026-05-06,183.80054
2026-05-07,183.88231
2026-05-08,183.96404
2026-05-09,184.0458
2026-05-10,184.12749
2026-05-11,184.20921
2026-05-12,184.29091
2026-05-13,184.37257
2026-05-14,184.45427
2026-05-15,184.53587
2026-05-16,184.61752
2026-05-17,184.69913
2026-05-18,184.78072
2026-05-19,184.86234
2026-05-20,184.9439
2026-05-21,185.02542
2026-05-22,185.10698
2026-05-23,185.1885
2026-05-24,185.27
2026-05-25,185.35147
2026-05-26,185.43295
2026-05-27,185.51443
2026-05-28,185.59584
2026-05-29,185.67726
2026-05-30,185.75867
2026-05-31,185.84003
2026-06-01,185.9214
2026-06-02,186.0027
2026-06-03,186.08406
2026-06-04,186.16534
2026-06-05,186.24664
2026-06-06,186.32791
2026-06-07,186.40915
2026-06-08,186.49036
2026-06-09,186.57153
2026-06-10,186.65273
2026-06-11,186.7339
2026-06-12,186.81503
2026-06-13,186.89615
2026-06-14,186.97726
2026-06-15,187.05827
2026-06-16,187.13934
2026-06-17,187.22037
2026-06-18,187.30135
2026-06-19,187.38234
2026-06-20,187.4633
2026-06-21,187.54425
2026-06-22,187.62514
2026-06-23,187.706
2026-06-24,187.78688
2026-06-25,187.86768
2026-06-26,187.9485
2026-06-27,188.02925
2026-06-28,188.11002
2026-06-29,188.19073
2026-06-30,188.27144
2026-07-01,188.35211
2026-07-02,188.43275
2026-07-03,188.51337
2026-07-04,188.59395
2026-07-05,188.67451
2026-07-06,188.75507
2026-07-07,188.83554
2026-07-08,188.91602
2026-07-09,188.99646
2026-07-10,189.07686
2026-07-11,189.15727
2026-07-12,189.23761
2026-07-13,189.31792
2026-07-14,189.39824
2026-07-15,189.47847
2026-07-16,189.55873
2026-07-17,189.63889
2026-07-18,189.71906
2026-07-19,189.79918
2026-07-20,189.87929
2026-07-21,189.9593
2026-07-22,190.03934
2026-07-23,190.11937
2026-07-24,190.19931
2026-07-25,190.27925
2026-07-26,190.35915
2026-07-27,190.43895
2026-07-28,190.51877
2026-07-29,190.59856
2026-07-30,190.6783
2026-07-31,190.758
2026-08-01,190.83766
2026-08-02,190.9173
2026-08-03,190.99687
2026-08-04,191.07643
2026-08-05,191.15594
2026-08-06,191.2354
2026-08-07,191.31487
2026-08-08,191.39424
2026-08-09,191.47357
2026-08-10,191.5529
2026-08-11,191.63214
2026-08-12,191.71141
2026-08-13,191.79051
2026-08-14,191.86967
2026-08-15,191.94879
2026-08-16,192.02782
2026-08-17,192.10683
2026-08-18,192.18579
2026-08-19,192.26472
2026-08-20,192.34358
2026-08-21,192.4224
2026-08-22,192.50117
2026-08-23,192.57991
2026-08-24,192.65858
2026-08-25,192.7372
2026-08-26,192.81581
2026-08-27,192.89438
2026-08-28,192.97287
2026-08-29,193.05127
2026-08-30,193.12967
2026-08-31,193.20801
2026-09-01,193.28632
2026-09-02,193.36453
2026-09-03,193.44273
2026-09-04,193.52089
2026-09-05,193.59895
2026-09-06,193.677
2026-09-07,193.75497
2026-09-08,193.83289
2026-09-09,193.91077
2026-09-10,193.98857
2026-09-11,194.06635
2026-09-12,194.14404
2026-09-13,194.22168
2026-09-14,194.29927
2026-09-15,194.3768
2026-09-16,194.45428
2026-09-17,194.53171
2026-09-18,194.60907
2026-09-19,194.6864
2026-09-20,194.76364
2026-09-21,194.84082
2026-09-22,194.91792
2026-09-23,194.99498
2026-09-24,195.07199
2026-09-25,195.14894
2026-09-26,195.22583
2026-09-27,195.30266
2026-09-28,195.3794
2026-09-29,195.45609
2026-09-30,195.5327
2026-10-01,195.60927
2026-10-02,195.68578
2026-10-03,195.7622
2026-10-04,195.83858
2026-10-05,195.91486
2026-10-06,195.99113
2026-10-07,196.0673
2026-10-08,196.14339
2026-10-09,196.21942
2026-10-10,196.29538
2026-10-11,196.37126
2026-10-12,196.4471
2026-10-13,196.52289
2026-10-14,196.59856
2026-10-15,196.67416
2026-10-16,196.74971
2026-10-17,196.82518
2026-10-18,196.9006
2026-10-19,196.9759
2026-10-20,197.05118
2026-10-21,197.12636
2026-10-22,197.20145
2026-10-23,197.27652
2026-10-24,197.35144
2026-10-25,197.42635
2026-10-26,197.50113
2026-10-27,197.57588
2026-10-28,197.65051
2026-10-29,197.72508
2026-10-30,197.79959
2026-10-31,197.87401
2026-11-01,197.94835
2026-11-02,198.0226
2026-11-03,198.09679
2026-11-04,198.17088
2026-11-05,198.2449
2026-11-06,198.31885
2026-11-07,198.39267
2026-11-08,198.46643
2026-11-09,198.54015
2026-11-10,198.61374
2026-11-11,198.68726
2026-11-12,198.7607
2026-11-13,198.83406
2026-11-14,198.90733
2026-11-15,198.98047
2026-11-16,199.05359
2026-11-17,199.12663
2026-11-18,199.19952
2026-11-19,199.27235
2026-11-20,199.3451
2026-11-21,199.41774
2026-11-22,199.4903
2026-11-23,199.5628
2026-11-24,199.6352
2026-11-25,199.70747
2026-11-26,199.7797
2026-11-27,199.8518
2026-11-28,199.92378
2026-11-29,199.99576
2026-11-30,200.06758
2026-12-01,200.13931
2026-12-02,200.21097
2026-12-03,200.28252
2026-12-04,200.35399
2026-12-05,200.42537
2026-12-06,200.49661
2026-12-07,200.5678
2026-12-08,200.63887
2026-12-09,200.70984
2026-12-10,200.78075
2026-12-11,200.85152
2026-12-12,200.9222
2026-12-13,200.9928
2026-12-14,201.0633
2026-12-15,201.13365
2026-12-16,201.20396
2026-12-17,201.27414
2026-12-18,201.34422
2026-12-19,201.4142
2026-12-20,201.4841
2026-12-21,201.55388
2026-12-22,201.6235
2026-12-23,201.69312
2026-12-24,201.76259
2026-12-25,201.83192
2026-12-26,201.90123
2026-12-27,201.97037
2026-12-28,202.0394
2026-12-29,202.10834
2026-12-30,202.17719
2026-12-31,202.24594
2027-01-01,202.31453
2027-01-02,202.38301
2027-01-03,202.45143
2027-01-04,202.51973
2027-01-05,202.58794
2027-01-06,202.65602
2027-01-07,202.72397
2027-01-08,202.79185
2027-01-09,202.85959
2027-01-10,202.92722
2027-01-11,202.99474
2027-01-12,203.06215
2027-01-13,203.12946
2027-01-14,203.19662
2027-01-15,203.26372
2027-01-16,203.33066
2027-01-17,203.39752
2027-01-18,203.46423
2027-01-19,203.53087
2027-01-20,203.59735
2027-01-21,203.66376
2027-01-22,203.73
2027-01-23,203.79614
2027-01-24,203.8622
2027-01-25,203.9281
2027-01-26,203.99391
2027-01-27,204.05959
2027-01-28,204.12515
2027-01-29,204.1906
2027-01-30,204.25592
2027-01-31,204.32112
2027-02-01,204.38618
2027-02-02,204.45117
2027-02-03,204.516
2027-02-04,204.58073
2027-02-05,204.64534
2027-02-06,204.70982
2027-02-07,204.77419
2027-02-08,204.83841
2027-02-09,204.90253
2027-02-10,204.96649
2027-02-11,205.03035
2027-02-12,205.09409
2027-02-13,205.15775
2027-02-14,205.22124
2027-02-15,205.28459
2027-02-16,205.34785
2027-02-17,205.41095
2027-02-18,205.47395
2027-02-19,205.53683
2027-02-20,205.59955
2027-02-21,205.66216
2027-02-22,205.72469
2027-02-23,205.78703
2027-02-24,205.84926
2027-02-25,205.91138
2027-02-26,205.97331
2027-02-27,206.03516
2027-02-28,206.09685
2027-03-01,206.15846
2027-03-02,206.21996
2027-03-03,206.28127
2027-03-04,206.34245
2027-03-05,206.40356
2027-03-06,206.46446
2027-03-07,206.52528
2027-03-08,206.58592
2027-03-09,206.6465
2027-03-10,206.70692
2027-03-11,206.76717
2027-03-12,206.82736
2027-03-13,206.88734
2027-03-14,206.94722
2027-03-15,207.00696
2027-03-16,207.06659
2027-03-17,207.12604
2027-03-18,207.18544
2027-03-19,207.24464
2027-03-20,207.30373
2027-03-21,207.36267
2027-03-22,207.42148
2027-03-23,207.48015
2027-03-24,207.53868
2027-03-25,207.59706
2027-03-26,207.6554
2027-03-27,207.71347
2027-03-28,207.7715
2027-03-29,207.82938
2027-03-30,207.88708
2027-03-31,207.94467
2027-04-01,208.00215
2027-04-02,208.05942
2027-04-03,208.1166
2027-04-04,208.17366
2027-04-05,208.23051
2027-04-06,208.28732
2027-04-07,208.34393
2027-04-08,208.40042
2027-04-09,208.45677
2027-04-10,208.51299
2027-04-11,208.56903
2027-04-12,208.62495
2027-04-13,208.68076
2027-04-14,208.73643
2027-04-15,208.79193
2027-04-16,208.84729
2027-04-17,208.90251
2027-04-18,208.95761
2027-04-19,209.01256
2027-04-20,209.0674
2027-04-21,209.12207
2027-04-22,209.17659
2027-04-23,209.23099
2027-04-24,209.28523
2027-04-25,209.33931
2027-04-26,209.39331
2027-04-27,209.44716
2027-04-28,209.50084
2027-04-29,209.55437
2027-04-30,209.60777
2027-05-01,209.66103
2027-05-02,209.71416
2027-05-03,209.76714
2027-05-04,209.81999
2027-05-05,209.87267
2027-05-06,209.92519
2027-05-07,209.97763
2027-05-08,210.0299
2027-05-09,210.08202
2027-05-10,210.13399
2027-05-11,210.18587
2027-05-12,210.23756
2027-05-13,210.2891
2027-05-14,210.3405
2027-05-15,210.39177
2027-05-16,210.44293
2027-05-17,210.49393
2027-05-18,210.5447
2027-05-19,210.59546
2027-05-20,210.646
2027-05-21,210.69644
2027-05-22,210.74667
2027-05-23,210.79681
2027-05-24,210.84682
2027-05-25,210.89668
2027-05-26,210.94632
2027-05-27,210.99586
2027-05-28,211.0453
2027-05-29,211.09456
2027-05-30,211.14366
2027-05-31,211.19264
2027-06-01,211.24152
2027-06-02,211.29018
2027-06-03,211.33873
2027-06-04,211.38715
2027-06-05,211.43542
2027-06-06,211.48355
2027-06-07,211.53152
2027-06-08,211.57935
2027-06-09,211.62703
2027-06-10,211.6746
2027-06-11,211.722
2027-06-12,211.76926
2027-06-13,211.81638
2027-06-14,211.86337
2027-06-15,211.91017
2027-06-16,211.95685
2027-06-17,212.00342
2027-06-18,212.04984
2027-06-19,212.0961
2027-06-20,212.1422
2027-06-21,212.18819
2027-06-22,212.234
2027-06-23,212.27974
2027-06-24,212.32524
2027-06-25,212.37065
2027-06-26,212.41591
2027-06-27,212.46106
2027-06-28,212.506
2027-06-29,212.55086
2027-06-30,212.59558
2027-07-01,212.64012
2027-07-02,212.68452
2027-07-03,212.72879
2027-07-04,212.7729
2027-07-05,212.8169
2027-07-06,212.86072
2027-07-07,212.90445
2027-07-08,212.94804
2027-07-09,212.99142
2027-07-10,213.03473
2027-07-11,213.07785
2027-07-12,213.1208
2027-07-13,213.1637
2027-07-14,213.2064
2027-07-15,213.249
2027-07-16,213.2914
2027-07-17,213.3337
2027-07-18,213.37584
2027-07-19,213.41786
2027-07-20,213.45972
2027-07-21,213.50148
2027-07-22,213.54309
2027-07-23,213.58452
2027-07-24,213.62582
2027-07-25,213.66699
2027-07-26,213.70805
2027-07-27,213.74895
2027-07-28,213.78969
2027-07-29,213.83032
2027-07-30,213.87077
2027-07-31,213.91116
2027-08-01,213.95135
2027-08-02,213.9914
2027-08-03,214.03134
2027-08-04,214.0711
2027-08-05,214.11078
2027-08-06,214.15025
2027-08-07,214.18968
2027-08-08,214.22894
2027-08-09,214.268
2027-08-10,214.30696
2027-08-11,214.34583
2027-08-12,214.38452
2027-08-13,214.42305
2027-08-14,214.46149
2027-08-15,214.49977
2027-08-16,214.5379
2027-08-17,214.57593
2027-08-18,214.61378
2027-08-19,214.65155
2027-08-20,214.68916
2027-08-21,214.72667
2027-08-22,214.76398
2027-08-23,214.80122
2027-08-24,214.8383
2027-08-25,214.87523
2027-08-26,214.91203
2027-08-27,214.94868
2027-08-28,214.98524
2027-08-29,215.02164
2027-08-30,215.0579
2027-08-31,215.09402
2027-09-01,215.13007
2027-09-02,215.16595
2027-09-03,215.20169
2027-09-04,215.2373
2027-09-05,215.27277
2027-09-06,215.30814
2027-09-07,215.34335
2027-09-08,215.37845
2027-09-09,215.41339
2027-09-10,215.44826
2027-09-11,215.48293
2027-09-12,215.51749
2027-09-13,215.55191
2027-09-14,215.58624
2027-09-15,215.62044
2027-09-16,215.65448
2027-09-17,215.68839
2027-09-18,215.72221
2027-09-19,215.75589
2027-09-20,215.78941
2027-09-21,215.8228
2027-09-22,215.85611
2027-09-23,215.88927
2027-09-24,215.9223
2027-09-25,215.95522
2027-09-26,215.98802
2027-09-27,216.02066
2027-09-28,216.05316
2027-09-29,216.08556
2027-09-30,216.11789
2027-10-01,216.14998
2027-10-02,216.18207
2027-10-03,216.21396
2027-10-04,216.24574
2027-10-05,216.27739
2027-10-06,216.30894
2027-10-07,216.34036
2027-10-08,216.37164
2027-10-09,216.4028
2027-10-10,216.43384
2027-10-11,216.46477
2027-10-12,216.49557
2027-10-13,216.52623
2027-10-14,216.55681
2027-10-15,216.58723
2027-10-16,216.61757
2027-10-17,216.64775
2027-10-18,216.67783
2027-10-19,216.7078
2027-10-20,216.73764
2027-10-21,216.76733
2027-10-22,216.79695
2027-10-23,216.82643
2027-10-24,216.85576
2027-10-25,216.88501
2027-10-26,216.91418
2027-10-27,216.94316
2027-10-28,216.97206
2027-10-29,217.00081
2027-10-30,217.02951
2027-10-31,217.058
2027-11-01,217.08649
2027-11-02,217.11476
2027-11-03,217.14296
2027-11-04,217.17105
2027-11-05,217.199
2027-11-06,217.22684
2027-11-07,217.2546
2027-11-08,217.2822
2027-11-09,217.30975
2027-11-10,217.33714
2027-11-11,217.36443
2027-11-12,217.39159
2027-11-13,217.41867
2027-11-14,217.4456
2027-11-15,217.47243
2027-11-16,217.49916
2027-11-17,217.5258
2027-11-18,217.55228
2027-11-19,217.57867
2027-11-20,217.60497
2027-11-21,217.63112
2027-11-22,217.6572
2027-11-23,217.68315
2027-11-24,217.70903
2027-11-25,217.73477
2027-11-26,217.7604
2027-11-27,217.78592
2027-11-28,217.81133
2027-11-29,217.83661
2027-11-30,217.86185
2027-12-01,217.8869
2027-12-02,217.91193
2027-12-03,217.9368
2027-12-04,217.9616
2027-12-05,217.98625
2027-12-06,218.01082
2027-12-07,218.0353
2027-12-08,218.05963
2027-12-09,218.0839
2027-12-10,218.10805
2027-12-11,218.13206
2027-12-12,218.15598
2027-12-13,218.17986
2027-12-14,218.20355
2027-12-15,218.22725
2027-12-16,218.25078
2027-12-17,218.2742
2027-12-18,218.29753
2027-12-19,218.32074
2027-12-20,218.34389
2027-12-21,218.36693
2027-12-22,218.38983
2027-12-23,218.41266
2027-12-24,218.43538
2027-12-25,218.45805
2027-12-26,218.48059
2027-12-27,218.50299
2027-12-28,218.52534
2027-12-29,218.54758
2027-12-30,218.56972
2027-12-31,218.59175
2028-01-01,218.6137
2028-01-02,218.63559
2028-01-03,218.65735
2028-01-04,218.679
2028-01-05,218.70055
2028-01-06,218.72202
2028-01-07,218.74342
2028-01-08,218.7647
2028-01-09,218.78587
2028-01-10,218.80699
2028-01-11,218.82796
2028-01-12,218.84886
2028-01-13,218.86969
2028-01-14,218.89041
2028-01-15,218.91103
2028-01-16,218.93155
2028-01-17,218.95203
2028-01-18,218.97238
2028-01-19,218.9926
2028-01-20,219.0128
2028-01-21,219.03288
2028-01-22,219.05287
2028-01-23,219.07277
2028-01-24,219.09256
2028-01-25,219.11232
2028-01-26,219.13191
2028-01-27,219.15147
2028-01-28,219.17091
2028-01-29,219.19034
2028-01-30,219.2096
2028-01-31,219.22879
2028-02-01,219.24788
2028-02-02,219.26692
2028-02-03,219.28584
2028-02-04,219.3047
2028-02-05,219.32344
2028-02-06,219.34216
2028-02-07,219.36073
2028-02-08,219.37921
2028-02-09,219.39767
2028-02-10,219.41603
2028-02-11,219.43422
2028-02-12,219.45241
2028-02-13,219.47052
2028-02-14,219.48853
2028-02-15,219.50642
2028-02-16,219.52429
2028-02-17,219.54205
2028-02-18,219.55974
2028-02-19,219.57732
2028-02-20,219.5948
2028-02-21,219.61227
2028-02-22,219.62961
2028-02-23,219.64688
2028-02-24,219.66408
2028-02-25,219.6812
2028-02-26,219.69824
2028-02-27,219.71521
2028-02-28,219.73207
2028-02-29,219.74886
2028-03-01,219.7656
2028-03-02,219.78223
2028-03-03,219.7988
2028-03-04,219.81529
2028-03-05,219.83171
2028-03-06,219.84802
2028-03-07,219.86427
2028-03-08,219.88046
2028-03-09,219.8966
2028-03-10,219.91263
2028-03-11,219.92859
2028-03-12,219.94446
2028-03-13,219.96027
2028-03-14,219.97601
2028-03-15,219.99165
2028-03-16,220.00725
2028-03-17,220.02277
2028-03-18,220.0382
2028-03-19,220.05359
2028-03-20,220.06886
2028-03-21,220.0841
2028-03-22,220.09923
2028-03-23,220.11436
2028-03-24,220.12933
2028-03-25,220.14427
2028-03-26,220.15915
2028-03-27,220.17392
2028-03-28,220.18867
2028-03-29,220.20332
2028-03-30,220.21796
2028-03-31,220.23245
2028-04-01,220.24692
2028-04-02,220.26125
2028-04-03,220.27559
2028-04-04,220.28984
2028-04-05,220.304
2028-04-06,220.31812
2028-04-07,220.33215
2028-04-08,220.34612
2028-04-09,220.36006
2028-04-10,220.37386
2028-04-11,220.38766
2028-04-12,220.40135
2028-04-13,220.41501
2028-04-14,220.4286
2028-04-15,220.4421
2028-04-16,220.45555
2028-04-17,220.46893
2028-04-18,220.48225
2028-04-19,220.49551
2028-04-20,220.5087
2028-04-21,220.52182
2028-04-22,220.53488
2028-04-23,220.5479
2028-04-24,220.5608
2028-04-25,220.57372
2028-04-26,220.58652
2028-04-27,220.59926
2028-04-28,220.61198
2028-04-29,220.62462
2028-04-30,220.63719
2028-05-01,220.64966
2028-05-02,220.66212
2028-05-03,220.67451
2028-05-04,220.68683
2028-05-05,220.69911
2028-05-06,220.7113
2028-05-07,220.72345
2028-05-08,220.73555
2028-05-09,220.74757
2028-05-10,220.75957
2028-05-11,220.77147
2028-05-12,220.78334
2028-05-13,220.79514
2028-05-14,220.80682
2028-05-15,220.81854
2028-05-16,220.83017
2028-05-17,220.84175
2028-05-18,220.85327
2028-05-19,220.86469
2028-05-20,220.8761
2028-05-21,220.88742
2028-05-22,220.89873
2028-05-23,220.90999
2028-05-24,220.92116
2028-05-25,220.93228
2028-05-26,220.94334
2028-05-27,220.95435
2028-05-28,220.9653
2028-05-29,220.9762
2028-05-30,220.98703
2028-05-31,220.99788
2028-06-01,221.0086
2028-06-02,221.0193
2028-06-03,221.02992
2028-06-04,221.04051
2028-06-05,221.05103
2028-06-06,221.06155
2028-06-07,221.07198
2028-06-08,221.08234
2028-06-09,221.09267
2028-06-10,221.10294
2028-06-11,221.11317
2028-06-12,221.12335
2028-06-13,221.13348
2028-06-14,221.14352
2028-06-15,221.15355
2028-06-16,221.16354
2028-06-17,221.17345
2028-06-18,221.18333
2028-06-19,221.19315
2028-06-20,221.20294
2028-06-21,221.21266
2028-06-22,221.22234
2028-06-23,221.23195
2028-06-24,221.24156
2028-06-25,221.25108
2028-06-26,221.2606
2028-06-27,221.27003
2028-06-28,221.2794
2028-06-29,221.28876
2028-06-30,221.29805
2028-07-01,221.30728
2028-07-02,221.31654
2028-07-03,221.32568
2028-07-04,221.3348
2028-07-05,221.34386
2028-07-06,221.3529
2028-07-07,221.36186
2028-07-08,221.3708
2028-07-09,221.3797
2028-07-10,221.38857
2028-07-11,221.39734
2028-07-12,221.40611
2028-07-13,221.41483
2028-07-14,221.42346
2028-07-15,221.43213
2028-07-16,221.4407
2028-07-17,221.44926
2028-07-18,221.45776
2028-07-19,221.46619
2028-07-20,221.47461
2028-07-21,221.483
2028-07-22,221.49132
2028-07-23,221.49959
2028-07-24,221.50787
2028-07-25,221.51604
2028-07-26,221.5242
2028-07-27,221.53235
2028-07-28,221.54042
2028-07-29,221.54846
2028-07-30,221.55641
2028-07-31,221.56439
2028-08-01,221.57233
2028-08-02,221.58017
2028-08-03,221.58801
2028-08-04,221.5958
2028-08-05,221.60362
2028-08-06,221.61131
2028-08-07,221.61899
2028-08-08,221.62659
2028-08-09,221.63423
2028-08-10,221.6418
2028-08-11,221.64928
2028-08-12,221.6568
2028-08-13,221.66425
2028-08-14,221.67166
2028-08-15,221.67905
2028-08-16,221.68636
2028-08-17,221.6937
2028-08-18,221.7009
2028-08-19,221.70815
2028-08-20,221.71533
2028-08-21,221.72249
2028-08-22,221.7296
2028-08-23,221.73666
2028-08-24,221.7437
2028-08-25,221.75073
2028-08-26,221.7577
2028-08-27,221.76463
2028-08-28,221.77153
2028-08-29,221.7784
2028-08-30,221.78523
2028-08-31,221.79202
2028-09-01,221.79878
2028-09-02,221.80553
2028-09-03,221.81224
2028-09-04,221.81885
2028-09-05,221.82545
2028-09-06,221.83206
2028-09-07,221.83864
2028-09-08,221.84515
2028-09-09,221.85165
2028-09-10,221.85808
2028-09-11,221.86453
2028-09-12,221.8709
2028-09-13,221.87727
2028-09-14,221.88358
2028-09-15,221.88988
2028-09-16,221.89612
2028-09-17,221.90237
2028-09-18,221.90854
2028-09-19,221.91473
2028-09-20,221.92085
2028-09-21,221.92693
2028-09-22,221.93301
2028-09-23,221.93906
2028-09-24,221.94504
2028-09-25,221.95105
2028-09-26,221.95697
2028-09-27,221.96288
2028-09-28,221.96878
2028-09-29,221.97464
2028-09-30,221.98041
2028-10-01,221.98625
2028-10-02,221.99196
2028-10-03,221.99773
2028-10-04,222.00343
2028-10-05,222.00908
2028-10-06,222.01474
2028-10-07,222.02032
2028-10-08,222.02596
2028-10-09,222.03148
2028-10-10,222.03703
2028-10-11,222.04254
2028-10-12,222.048
2028-10-13,222.05344
2028-10-14,222.05887
2028-10-15,222.06424
2028-10-16,222.0696
2028-10-17,222.07494
2028-10-18,222.08023
2028-10-19,222.08553
2028-10-20,222.09073
2028-10-21,222.09595
2028-10-22,222.10115
2028-10-23,222.10634
2028-10-24,222.11147
2028-10-25,222.11658
2028-10-26,222.1217
2028-10-27,222.12671
2028-10-28,222.13177
2028-10-29,222.13681
2028-10-30,222.14175
2028-10-31,222.14671
2028-11-01,222.15166
2028-11-02,222.15652
2028-11-03,222.16142
2028-11-04,222.16629
2028-11-05,222.17111
2028-11-06,222.17589
2028-11-07,222.18068
2028-11-08,222.18542
2028-11-09,222.19017
2028-11-10,222.19487
2028-11-11,222.19952
2028-11-12,222.20421
2028-11-13,222.20885
2028-11-14,222.21347
2028-11-15,222.218
2028-11-16,222.22258
2028-11-17,222.22713
2028-11-18,222.2316
2028-11-19,222.23613
2028-11-20,222.24059
2028-11-21,222.24501
2028-11-22,222.24944
2028-11-23,222.25383
2028-11-24,222.25821
2028-11-25,222.26256
2028-11-26,222.26688
2028-11-27,222.2712
2028-11-28,222.27545
2028-11-29,222.27974
2028-11-30,222.28397
2028-12-01,222.28816
2028-12-02,222.29236
2028-12-03,222.29651
2028-12-04,222.30067
2028-12-05,222.30482
2028-12-06,222.30893
2028-12-07,222.31302
2028-12-08,222.31705
2028-12-09,222.3211
2028-12-10,222.32513
2028-12-11,222.32913
2028-12-12,222.3331
2028-12-13,222.33704
2028-12-14,222.34099
2028-12-15,222.34492
2028-12-16,222.3488
2028-12-17,222.35266
2028-12-18,222.35652
2028-12-19,222.3604
2028-12-20,222.36417
2028-12-21,222.36798
2028-12-22,222.37173
2028-12-23,222.3755
2028-12-24,222.37923
2028-12-25,222.38297
2028-12-26,222.38666
2028-12-27,222.39035
2028-12-28,222.39397
2028-12-29,222.39763
2028-12-30,222.40125
2028-12-31,222.40483
2029-01-01,222.40839
2029-01-02,222.41197
2029-01-03,222.41554
2029-01-04,222.41905
2029-01-05,222.42255
2029-01-06,222.42604
2029-01-07,222.4295
2029-01-08,222.43295
2029-01-09,222.43639
2029-01-10,222.4398
2029-01-11,222.44319
2029-01-12,222.44656
2029-01-13,222.44994
2029-01-14,222.4533
2029-01-15,222.4566
2029-01-16,222.45993
2029-01-17,222.46323
2029-01-18,222.46649
2029-01-19,222.46973
2029-01-20,222.47298
2029-01-21,222.4762
2029-01-22,222.47939
2029-01-23,222.48257
2029-01-24,222.48575
2029-01-25,222.4889
2029-01-26,222.49208
2029-01-27,222.49515
2029-01-28,222.49828
2029-01-29,222.50136
2029-01-30,222.50444
2029-01-31,222.5075
2029-02-01,222.51051
2029-02-02,222.51355
2029-02-03,222.51657
2029-02-04,222.51955
2029-02-05,222.52254
2029-02-06,222.52548
2029-02-07,222.52846
2029-02-08,222.53137
2029-02-09,222.53429
2029-02-10,222.53719
2029-02-11,222.54007
2029-02-12,222.54295
2029-02-13,222.54578
2029-02-14,222.54863
2029-02-15,222.55144
2029-02-16,222.55426
2029-02-17,222.55704
2029-02-18,222.55981
2029-02-19,222.56259
2029-02-20,222.56532
2029-02-21,222.56808
2029-02-22,222.57077
2029-02-23,222.57346
2029-02-24,222.57617
2029-02-25,222.57886
2029-02-26,222.58151
2029-02-27,222.58418
2029-02-28,222.58679
2029-03-01,222.58945
2029-03-02,222.59204
2029-03-03,222.59464
2029-03-04,222.5972
2029-03-05,222.59976
2029-03-06,222.60234
2029-03-07,222.60484
2029-03-08,222.60739
2029-03-09,222.6099
2029-03-10,222.61238
2029-03-11,222.61491
2029-03-12,222.61737
2029-03-13,222.61984
2029-03-14,222.62225
2029-03-15,222.62473
2029-03-16,222.6271
2029-03-17,222.62949
2029-03-18,222.63191
2029-03-19,222.6343
2029-03-20,222.63664
2029-03-21,222.63902
2029-03-22,222.64137
2029-03-23,222.6437
2029-03-24,222.64601
2029-03-25,222.64832
2029-03-26,222.65059
2029-03-27,222.65286
2029-03-28,222.65515
2029-03-29,222.65738
2029-03-30,222.65965
2029-03-31,222.66187
2029-04-01,222.66411
2029-04-02,222.66632
2029-04-03,222.6685
2029-04-04,222.67072
2029-04-05,222.6729
2029-04-06,222.67505
2029-04-07,222.6772
2029-04-08,222.67932
2029-04-09,222.68146
2029-04-10,222.6836
2029-04-11,222.68568
2029-04-12,222.68779
2029-04-13,222.68988
2029-04-14,222.69196
2029-04-15,222.69403
2029-04-16,222.69604
2029-04-17,222.6981
2029-04-18,222.70013
2029-04-19,222.70215
2029-04-20,222.70418
2029-04-21,222.70616
2029-04-22,222.70816
2029-04-23,222.71013
2029-04-24,222.7121
2029-04-25,222.71404
2029-04-26,222.71596
2029-04-27,222.71796
2029-04-28,222.71985
2029-04-29,222.72177
2029-04-30,222.72363
2029-05-01,222.72552
2029-05-02,222.72743
2029-05-03,222.72931
2029-05-04,222.73116
2029-05-05,222.73302
2029-05-06,222.73488
2029-05-07,222.73671
2029-05-08,222.73854
2029-05-09,222.74034
2029-05-10,222.74216
2029-05-11,222.74396
2029-05-12,222.74577
2029-05-13,222.74751
2029-05-14,222.7493
2029-05-15,222.75105
2029-05-16,222.75279
2029-05-17,222.75453
2029-05-18,222.75629
2029-05-19,222.75798
2029-05-20,222.7597
2029-05-21,222.76144
2029-05-22,222.76309
2029-05-23,222.76479
2029-05-24,222.76645
2029-05-25,222.76814
2029-05-26,222.76979
2029-05-27,222.77147
2029-05-28,222.77307
2029-05-29,222.77469
2029-05-30,222.77632
2029-05-31,222.77795
2029-06-01,222.77956
2029-06-02,222.78114
2029-06-03,222.78273
2029-06-04,222.78433
2029-06-05,222.78587
2029-06-06,222.78745
2029-06-07,222.789
2029-06-08,222.79051
2029-06-09,222.79208
2029-06-10,222.79362
2029-06-11,222.79514
2029-06-12,222.79665
2029-06-13,222.79816
2029-06-14,222.79967
2029-06-15,222.80115
2029-06-16,222.80266
2029-06-17,222.80406
2029-06-18,222.80556
2029-06-19,222.807
2029-06-20,222.80849
2029-06-21,222.80992
2029-06-22,222.81133
2029-06-23,222.81277
2029-06-24,222.8142
2029-06-25,222.8156
2029-06-26,222.817
2029-06-27,222.81837
2029-06-28,222.8198
2029-06-29,222.82117
2029-06-30,222.82256
2029-07-01,222.8239
2029-07-02,222.82521
2029-07-03,222.8266
2029-07-04,222.82793
2029-07-05,222.82928
2029-07-06,222.83061
2029-07-07,222.83194
2029-07-08,222.83328
2029-07-09,222.83458
2029-07-10,222.83586
2029-07-11,222.83716
2029-07-12,222.83842
2029-07-13,222.83972
2029-07-14,222.841
2029-07-15,222.84225
2029-07-16,222.8435
2029-07-17,222.84479
2029-07-18,222.84602
2029-07-19,222.84727
2029-07-20,222.8485
2029-07-21,222.84975
2029-07-22,222.85094
2029-07-23,222.85216
2029-07-24,222.85336
2029-07-25,222.85457
2029-07-26,222.85579
2029-07-27,222.85695
2029-07-28,222.85815
2029-07-29,222.8593
2029-07-30,222.86047
2029-07-31,222.86166
2029-08-01,222.8628
2029-08-02,222.86394
2029-08-03,222.86511
2029-08-04,222.8662
2029-08-05,222.86734
2029-08-06,222.8685
2029-08-07,222.86958
2029-08-08,222.87071
2029-08-09,222.87183
2029-08-10,222.87288
2029-08-11,222.87401
2029-08-12,222.87509
2029-08-13,222.87619
2029-08-14,222.87726
2029-08-15,222.87833
2029-08-16,222.8794
2029-08-17,222.88045
2029-08-18,222.88153
2029-08-19,222.88257
2029-08-20,222.88359
2029-08-21,222.88461
2029-08-22,222.8857
2029-08-23,222.8867
2029-08-24,222.88773
2029-08-25,222.88872
2029-08-26,222.88976
2029-08-27,222.89073
2029-08-28,222.89174
2029-08-29,222.89275
2029-08-30,222.89374
2029-08-31,222.89471
2029-09-01,222.89569
2029-09-02,222.8967
2029-09-03,222.89764
2029-09-04,222.89859
2029-09-05,222.8996
2029-09-06,222.90048
2029-09-07,222.90146
2029-09-08,222.90236
2029-09-09,222.90337
2029-09-10,222.90428
2029-09-11,222.9052
2029-09-12,222.90611
2029-09-13,222.90704
2029-09-14,222.90797
2029-09-15,222.90884
2029-09-16,222.90976
2029-09-17,222.91066
2029-09-18,222.91153
2029-09-19,222.91245
2029-09-20,222.91331
2029-09-21,222.91417
2029-09-22,222.91505
2029-09-23,222.91594
2029-09-24,222.91681
2029-09-25,222.9177
2029-09-26,222.91852
2029-09-27,222.91936
2029-09-28,222.92018
2029-09-29,222.92107
2029-09-30,222.92189
2029-10-01,222.92271
2029-10-02,222.92352
2029-10-03,222.92436
2029-10-04,222.9252
2029-10-05,222.926
2029-10-06,222.9268
2029-10-07,222.92763
2029-10-08,222.92844
2029-10-09,222.9292
2029-10-10,222.92998
2029-10-11,222.93082
2029-10-12,222.93156
2029-10-13,222.93236
2029-10-14,222.9331
2029-10-15,222.93387
2029-10-16,222.93468
2029-10-17,222.93544
2029-10-18,222.93617
2029-10-19,222.93695
2029-10-20,222.93765
2029-10-21,222.93845
2029-10-22,222.93918
2029-10-23,222.93993
2029-10-24,222.94064
2029-10-25,222.94136
2029-10-26,222.9421
2029-10-27,222.94286
2029-10-28,222.94354
2029-10-29,222.94426
2029-10-30,222.94498
2029-10-31,222.94571
2029-11-01,222.94638
2029-11-02,222.9471
2029-11-03,222.94778
2029-11-04,222.94847
2029-11-05,222.9492
2029-11-06,222.94983
2029-11-07,222.95052
2029-11-08,222.95122
2029-11-09,222.9519
2029-11-10,222.95258
2029-11-11,222.95322
2029-11-12,222.95389
2029-11-13,222.95456
2029-11-14,222.9552
2029-11-15,222.95583
2029-11-16,222.9565
2029-11-17,222.95712
2029-11-18,222.95776
2029-11-19,222.9584
2029-11-20,222.95908
2029-11-21,222.95969
2029-11-22,222.96033
2029-11-23,222.96095
2029-11-24,222.96158
2029-11-25,222.96222
2029-11-26,222.9628
2029-11-27,222.9634
2029-11-28,222.96404
2029-11-29,222.96461
2029-11-30,222.96523
2029-12-01,222.96584
2029-12-02,222.96645
2029-12-03,222.96701
2029-12-04,222.96758
2029-12-05,222.96819
2029-12-06,222.96878
2029-12-07,222.96935
2029-12-08,222.96994
2029-12-09,222.97052
2029-12-10,222.97108
2029-12-11,222.97165
2029-12-12,222.9722
2029-12-13,222.9728
2029-12-14,222.97331
2029-12-15,222.97389
2029-12-16,222.97443
2029-12-17,222.97502
2029-12-18,222.97552
2029-12-19,222.97607
2029-12-20,222.97662
2029-12-21,222.97716
2029-12-22,222.97769
2029-12-23,222.97821
2029-12-24,222.97876
2029-12-25,222.9793
2029-12-26,222.9798
2029-12-27,222.98035
2029-12-28,222.98088
2029-12-29,222.98135
2029-12-30,222.98187
2029-12-31,222.98238
2030-01-01,222.98288
2030-01-02,222.98341
2030-01-03,222.9839
2030-01-04,222.98439
2030-01-05,222.98486
2030-01-06,222.98535
2030-01-07,222.98584
2030-01-08,222.98633
2030-01-09,222.98686
2030-01-10,222.9873
2030-01-11,222.98781
2030-01-12,222.98827
2030-01-13,222.98874
2030-01-14,222.98923
2030-01-15,222.98969
2030-01-16,222.99014
2030-01-17,222.99063
2030-01-18,222.99107
2030-01-19,222.99153
2030-01-20,222.99196
2030-01-21,222.99243
2030-01-22,222.99289
2030-01-23,222.99332
2030-01-24,222.99379
2030-01-25,222.99423
2030-01-26,222.9947
2030-01-27,222.99512
2030-01-28,222.99554
2030-01-29,222.99599
2030-01-30,222.9964
2030-01-31,222.99684
2030-02-01,222.99727
2030-02-02,222.99767
2030-02-03,222.99811
2030-02-04,222.99855
2030-02-05,222.99895
2030-02-06,222.99937
2030-02-07,222.99977
2030-02-08,223.00018
2030-02-09,223.0006
2030-02-10,223.001
2030-02-11,223.00143
2030-02-12,223.00185
2030-02-13,223.0022
2030-02-14,223.00264
2030-02-15,223.00299
2030-02-16,223.00343
2030-02-17,223.0038
2030-02-18,223.00423
2030-02-19,223.00458
2030-02-20,223.00497
2030-02-21,223.00536
2030-02-22,223.00575
2030-02-23,223.00612
2030-02-24,223.0065
2030-02-25,223.00685
2030-02-26,223.00722
2030-02-27,223.00758
2030-02-28,223.00798
2030-03-01,223.00836
2030-03-02,223.00874
2030-03-03,223.00908
2030-03-04,223.00943
2030-03-05,223.00978
2030-03-06,223.01018
2030-03-07,223.0105
2030-03-08,223.0109
2030-03-09,223.01126
2030-03-10,223.0116
2030-03-11,223.01193
2030-03-12,223.0123
2030-03-13,223.01263
2030-03-14,223.01297
2030-03-15,223.01334
2030-03-16,223.01367
2030-03-17,223.01396
2030-03-18,223.01433
2030-03-19,223.01466
2030-03-20,223.01498
2030-03-21,223.01535
2030-03-22,223.01566
2030-03-23,223.01596
2030-03-24,223.01631
2030-03-25,223.01662
2030-03-26,223.01689
2030-03-27,223.01723
2030-03-28,223.01756
2030-03-29,223.0179
2030-03-30,223.01822
2030-03-31,223.01852
2030-04-01,223.01884
2030-04-02,223.01912
2030-04-03,223.01944
2030-04-04,223.01974
2030-04-05,223.02005
2030-04-06,223.02036
2030-04-07,223.02066
2030-04-08,223.02094
2030-04-09,223.02124
2030-04-10,223.02153
2030-04-11,223.02185
2030-04-12,223.02217
2030-04-13,223.02243
2030-04-14,223.0227
2030-04-15,223.02303
2030-04-16,223.02328
2030-04-17,223.02357
2030-04-18,223.02383
2030-04-19,223.02417
2030-04-20,223.0244
2030-04-21,223.0247
2030-04-22,223.02498
2030-04-23,223.02528
2030-04-24,223.02551
2030-04-25,223.02579
2030-04-26,223.02608
2030-04-27,223.02638
2030-04-28,223.02661
2030-04-29,223.02687
2030-04-30,223.02715
2030-05-01,223.02742
2030-05-02,223.02766
2030-05-03,223.02792
2030-05-04,223.0282
2030-05-05,223.02844
2030-05-06,223.0287
2030-05-07,223.02898
2030-05-08,223.02924
2030-05-09,223.02948
2030-05-10,223.02972
2030-05-11,223.02998
2030-05-12,223.03023
2030-05-13,223.03049
2030-05-14,223.03075
2030-05-15,223.03096
2030-05-16,223.03123
2030-05-17,223.03143
2030-05-18,223.03174
2030-05-19,223.03194
2030-05-20,223.0322
2030-05-21,223.03244
2030-05-22,223.03268
2030-05-23,223.03293
2030-05-24,223.03314
2030-05-25,223.03339
2030-05-26,223.03362
2030-05-27,223.03383
2030-05-28,223.03406
2030-05-29,223.0343
2030-05-30,223.03453
2030-05-31,223.03473
2030-06-01,223.03499
2030-06-02,223.0352
2030-06-03,223.0354
2030-06-04,223.03561
2030-06-05,223.03589
2030-06-06,223.03609
2030-06-07,223.0363
2030-06-08,223.03653
2030-06-09,223.03671
2030-06-10,223.03694
2030-06-11,223.03717
2030-06-12,223.03735
2030-06-13,223.03755
2030-06-14,223.03781
2030-06-15,223.038
2030-06-16,223.03821
2030-06-17,223.03838
2030-06-18,223.0386
2030-06-19,223.0388
2030-06-20,223.03902
2030-06-21,223.0392
2030-06-22,223.0394
2030-06-23,223.0396
2030-06-24,223.03983
2030-06-25,223.04001
2030-06-26,223.04019
2030-06-27,223.04037
2030-06-28,223.04059
2030-06-29,223.04077
2030-06-30,223.04099
2030-07-01,223.04117
2030-07-02,223.04135
2030-07-03,223.04155
2030-07-04,223.04172
2030-07-05,223.04192
2030-07-06,223.04207
2030-07-07,223.04228
2030-07-08,223.04248
2030-07-09,223.04265
2030-07-10,223.04288
2030-07-11,223.04303
2030-07-12,223.0432
2030-07-13,223.0434
2030-07-14,223.04355
2030-07-15,223.04375
2030-07-16,223.04391
2030-07-17,223.0441
2030-07-18,223.04425
2030-07-19,223.04443
2030-07-20,223.04459
2030-07-21,223.0448
2030-07-22,223.04494
2030-07-23,223.0451
2030-07-24,223.04526
2030-07-25,223.04543
2030-07-26,223.04562
2030-07-27,223.04578
2030-07-28,223.04594
2030-07-29,223.0461
2030-07-30,223.04625
2030-07-31,223.04645
2030-08-01,223.04657
2030-08-02,223.04677
2030-08-03,223.04692
2030-08-04,223.04707
2030-08-05,223.04723
2030-08-06,223.04738
2030-08-07,223.04753
2030-08-08,223.0477
2030-08-09,223.04785
2030-08-10,223.048
2030-08-11,223.04816
2030-08-12,223.04828
2030-08-13,223.04845
2030-08-14,223.0486
2030-08-15,223.04875
2030-08-16,223.04889
2030-08-17,223.04903
2030-08-18,223.04916
2030-08-19,223.04933
2030-08-20,223.04945
2030-08-21,223.04964
2030-08-22,223.04976
2030-08-23,223.04993
2030-08-24,223.05006
2030-08-25,223.05016
2030-08-26,223.05032
2030-08-27,223.05045
2030-08-28,223.05058
2030-08-29,223.05075
2030-08-30,223.05086
2030-08-31,223.05101
2030-09-01,223.05113
2030-09-02,223.05124
2030-09-03,223.05138
2030-09-04,223.05156
2030-09-05,223.05167
2030-09-06,223.05179
2030-09-07,223.05191
2030-09-08,223.05203
2030-09-09,223.05219
2030-09-10,223.0523
2030-09-11,223.05243
2030-09-12,223.05254
2030-09-13,223.05267
2030-09-14,223.0528
2030-09-15,223.05292
2030-09-16,223.05305
2030-09-17,223.05319
2030-09-18,223.05333
2030-09-19,223.05344
2030-09-20,223.05354
2030-09-21,223.05368
2030-09-22,223.05385
2030-09-23,223.05394
2030-09-24,223.05406
2030-09-25,223.05417
2030-09-26,223.05426
2030-09-27,223.05438
2030-09-28,223.05452
2030-09-29,223.05464
2030-09-30,223.05473
2030-10-01,223.05486
2030-10-02,223.05498
2030-10-03,223.0551
2030-10-04,223.05522
2030-10-05,223.05531
2030-10-06,223.05544
2030-10-07,223.05554
2030-10-08,223.05565
2030-10-09,223.05574
2030-10-10,223.05586
2030-10-11,223.05597
2030-10-12,223.05606
2030-10-13,223.05621
2030-10-14,223.05629
2030-10-15,223.0564
2030-10-16,223.05647
2030-10-17,223.05663
2030-10-18,223.05672
2030-10-19,223.05682
2030-10-20,223.05695
2030-10-21,223.05704
2030-10-22,223.0571
2030-10-23,223.05719
2030-10-24,223.05734
2030-10-25,223.05743
2030-10-26,223.05757
2030-10-27,223.05765
2030-10-28,223.05772
2030-10-29,223.05785
2030-10-30,223.0579
2030-10-31,223.05801
2030-11-01,223.0581
2030-11-02,223.05821
2030-11-03,223.05833
2030-11-04,223.05841
2030-11-05,223.05853
2030-11-06,223.05861
2030-11-07,223.0587
2030-11-08,223.05879
2030-11-09,223.05885
2030-11-10,223.05898
2030-11-11,223.05907
2030-11-12,223.05916
2030-11-13,223.05927
2030-11-14,223.05933
2030-11-15,223.0594
2030-11-16,223.05951
2030-11-17,223.05962
2030-11-18,223.05971
2030-11-19,223.05978
2030-11-20,223.05984
2030-11-21,223.05994
2030-11-22,223.06
2030-11-23,223.0601
2030-11-24,223.06021
2030-11-25,223.06026
2030-11-26,223.06036
2030-11-27,223.06052
2030-11-28,223.06055
2030-11-29,223.06065
2030-11-30,223.0607
2030-12-01,223.06079
2030-12-02,223.06087
2030-12-03,223.06094
2030-12-04,223.06102
2030-12-05,223.0611
2030-12-06,223.06119
2030-12-07,223.06125
2030-12-08,223.06134
2030-12-09,223.06145
2030-12-10,223.06151
2030-12-11,223.06161
2030-12-12,223.06168
2030-12-13,223.06174
2030-12-14,223.06183
2030-12-15,223.06189
2030-12-16,223.06197
2030-12-17,223.06206
2030-12-18,223.0621
2030-12-19,223.0622
2030-12-20,223.06224
2030-12-21,223.06232
2030-12-22,223.0624
2030-12-23,223.06247
2030-12-24,223.06253
2030-12-25,223.0626
2030-12-26,223.0627
2030-12-27,223.06277
2030-12-28,223.06287
2030-12-29,223.06291
2030-12-30,223.06299
2030-12-31,223.06303
2031-01-01,223.06308
2031-01-02,223.06316
2031-01-03,223.06323
2031-01-04,223.06331
2031-01-05,223.06339
2031-01-06,223.06348
2031-01-07,223.0635
2031-01-08,223.0636
2031-01-09,223.06367
2031-01-10,223.06374
2031-01-11,223.06381
2031-01-12,223.06389
2031-01-13,223.06393
2031-01-14,223.06398
2031-01-15,223.06407
2031-01-16,223.0641
2031-01-17,223.06418
2031-01-18,223.06425
2031-01-19,223.06429
2031-01-20,223.0644
2031-01-21,223.06448
2031-01-22,223.06453
2031-01-23,223.06459
2031-01-24,223.06464
2031-01-25,223.06468
2031-01-26,223.06474
2031-01-27,223.06483
2031-01-28,223.0649
2031-01-29,223.06496
2031-01-30,223.065
2031-01-31,223.06508
2031-02-01,223.06512
2031-02-02,223.06517
2031-02-03,223.06523
2031-02-04,223.06529
2031-02-05,223.06534
2031-02-06,223.06538
2031-02-07,223.06546
2031-02-08,223.06554
2031-02-09,223.06558
2031-02-10,223.06564
2031-02-11,223.06567
2031-02-12,223.06577
2031-02-13,223.06581
2031-02-14,223.06587
2031-02-15,223.06592
2031-02-16,223.06596
2031-02-17,223.06602
2031-02-18,223.06607
2031-02-19,223.06612
2031-02-20,223.06616
2031-02-21,223.06624
2031-02-22,223.06628
2031-02-23,223.06635
2031-02-24,223.06638
2031-02-25,223.06642
2031-02-26,223.06648
2031-02-27,223.06653
2031-02-28,223.06659
2031-03-01,223.06662
2031-03-02,223.06667
2031-03-03,223.06674
2031-03-04,223.06677
2031-03-05,223.06683
2031-03-06,223.06688
2031-03-07,223.06693
2031-03-08,223.06696
2031-03-09,223.06702
2031-03-10,223.06706
2031-03-11,223.0671
2031-03-12,223.06717
2031-03-13,223.06721
2031-03-14,223.06725
2031-03-15,223.06729
2031-03-16,223.06735
2031-03-17,223.06743
2031-03-18,223.06746
2031-03-19,223.06752
2031-03-20,223.06757
2031-03-21,223.06758
2031-03-22,223.06764
2031-03-23,223.06767
2031-03-24,223.0677
2031-03-25,223.06775
2031-03-26,223.06781
2031-03-27,223.06789
2031-03-28,223.06792
2031-03-29,223.068
2031-03-30,223.06802
2031-03-31,223.06805
2031-04-01,223.06808
2031-04-02,223.06813
2031-04-03,223.0682
2031-04-04,223.06824
2031-04-05,223.06827
2031-04-06,223.0683
2031-04-07,223.06837
2031-04-08,223.0684
2031-04-09,223.0684
2031-04-10,223.06847
2031-04-11,223.06851
2031-04-12,223.06856
2031-04-13,223.0686
2031-04-14,223.06863
2031-04-15,223.06868
2031-04-16,223.06871
2031-04-17,223.06874
2031-04-18,223.0688
2031-04-19,223.06882
2031-04-20,223.06886
2031-04-21,223.06891
2031-04-22,223.06892
2031-04-23,223.06897
2031-04-24,223.06902
2031-04-25,223.06905
2031-04-26,223.06909
2031-04-27,223.0691
2031-04-28,223.06915
2031-04-29,223.06917
2031-04-30,223.06921
2031-05-01,223.06926
2031-05-02,223.06929
2031-05-03,223.06932
2031-05-04,223.06937
2031-05-05,223.06938
2031-05-06,223.06943
2031-05-07,223.06946
2031-05-08,223.0695
2031-05-09,223.06952
2031-05-10,223.06956
2031-05-11,223.06958
2031-05-12,223.06964
2031-05-13,223.06967
2031-05-14,223.06969
2031-05-15,223.06973
2031-05-16,223.06976
2031-05-17,223.0698
2031-05-18,223.06984
2031-05-19,223.06985
2031-05-20,223.06987
2031-05-21,223.0699
2031-05-22,223.06993
2031-05-23,223.06998
2031-05-24,223.06999
2031-05-25,223.07004
2031-05-26,223.07004
2031-05-27,223.0701
2031-05-28,223.07011
2031-05-29,223.07014
2031-05-30,223.07016
2031-05-31,223.07022
2031-06-01,223.07027
2031-06-02,223.0703
2031-06-03,223.0703
2031-06-04,223.07034
2031-06-05,223.07037
2031-06-06,223.07042
2031-06-07,223.07043
2031-06-08,223.07047
2031-06-09,223.0705
2031-06-10,223.07051
2031-06-11,223.07054
2031-06-12,223.07057
2031-06-13,223.0706
2031-06-14,223.07065
2031-06-15,223.07066
2031-06-16,223.07071
2031-06-17,223.07074
2031-06-18,223.07074
2031-06-19,223.07079
2031-06-20,223.07082
2031-06-21,223.07082
2031-06-22,223.07085
2031-06-23,223.07086
2031-06-24,223.07092
2031-06-25,223.07092
2031-06-26,223.07097
2031-06-27,223.07101
2031-06-28,223.07104
2031-06-29,223.07106
2031-06-30,223.07109
2031-07-01,223.07112
2031-07-02,223.07115
2031-07-03,223.07115
2031-07-04,223.07117
2031-07-05,223.07121
2031-07-06,223.07121
2031-07-07,223.07126
2031-07-08,223.07127
2031-07-09,223.0713
2031-07-10,223.07132
2031-07-11,223.07135
2031-07-12,223.07138
2031-07-13,223.07143
2031-07-14,223.07144
2031-07-15,223.07147
2031-07-16,223.07149
2031-07-17,223.07152
2031-07-18,223.07153
2031-07-19,223.07158
2031-07-20,223.07155
2031-07-21,223.07161
2031-07-22,223.07162
2031-07-23,223.07162
2031-07-24,223.07164
2031-07-25,223.07166
2031-07-26,223.0717
2031-07-27,223.07172
2031-07-28,223.07173
2031-07-29,223.07175
2031-07-30,223.07175
2031-07-31,223.07178
2031-08-01,223.07182
2031-08-02,223.07184
2031-08-03,223.07187
2031-08-04,223.07187
2031-08-05,223.07188
2031-08-06,223.07193
2031-08-07,223.07195
2031-08-08,223.07195
2031-08-09,223.07198
2031-08-10,223.07199
2031-08-11,223.07202
2031-08-12,223.07202
2031-08-13,223.07207
2031-08-14,223.07208
2031-08-15,223.0721
2031-08-16,223.07211
2031-08-17,223.07213
2031-08-18,223.07214
2031-08-19,223.07219
2031-08-20,223.0722
2031-08-21,223.07222
2031-08-22,223.07224
2031-08-23,223.07224
2031-08-24,223.07225
2031-08-25,223.07228
2031-08-26,223.07231
2031-08-27,223.07233
2031-08-28,223.07234
2031-08-29,223.07234
2031-08-30,223.07236
2031-08-31,223.07237
2031-09-01,223.07242
2031-09-02,223.07243
2031-09-03,223.07243
2031-09-04,223.07245
2031-09-05,223.07248
2031-09-06,223.0725
2031-09-07,223.07254
2031-09-08,223.07256
2031-09-09,223.07259
2031-09-10,223.0726
2031-09-11,223.07263
2031-09-12,223.07266
2031-09-13,223.07266
2031-09-14,223.07266
2031-09-15,223.07268
2031-09-16,223.0727
2031-09-17,223.07271
2031-09-18,223.07271
2031-09-19,223.07271
2031-09-20,223.07277
2031-09-21,223.07278
2031-09-22,223.0728
2031-09-23,223.07281
2031-09-24,223.07281
2031-09-25,223.07283
2031-09-26,223.07286
2031-09-27,223.07286
2031-09-28,223.07286
2031-09-29,223.07289
2031-09-30,223.0729
2031-10-01,223.0729
2031-10-02,223.07292
2031-10-03,223.07294
2031-10-04,223.07295
2031-10-05,223.07295
2031-10-06,223.07298
2031-10-07,223.07298
2031-10-08,223.07298
2031-10-09,223.073
2031-10-10,223.07301
2031-10-11,223.07301
2031-10-12,223.07303
2031-10-13,223.07304
2031-10-14,223.07304
2031-10-15,223.07304
2031-10-16,223.07306
2031-10-17,223.07307
2031-10-18,223.07307
2031-10-19,223.0731
2031-10-20,223.0731
2031-10-21,223.07314
2031-10-22,223.07314
2031-10-23,223.07315
2031-10-24,223.07315
2031-10-25,223.07317
2031-10-26,223.07321
2031-10-27,223.07321
2031-10-28,223.07323
2031-10-29,223.07321
2031-10-30,223.07324
2031-10-31,223.07326
2031-11-01,223.07329
2031-11-02,223.07327
2031-11-03,223.07333
2031-11-04,223.07333
2031-11-05,223.07333
2031-11-06,223.07336
2031-11-07,223.07338
2031-11-08,223.0734
2031-11-09,223.07341
2031-11-10,223.07343
2031-11-11,223.07343
2031-11-12,223.07346
2031-11-13,223.07349
2031-11-14,223.07349
2031-11-15,223.07352
2031-11-16,223.07352
2031-11-17,223.07353
2031-11-18,223.07353
2031-11-19,223.07356
2031-11-20,223.07358
2031-11-21,223.07358
2031-11-22,223.0736
2031-11-23,223.07361
2031-11-24,223.07361
2031-11-25,223.07362
2031-11-26,223.07364
2031-11-27,223.07364
2031-11-28,223.07364
2031-11-29,223.07365
2031-11-30,223.07365
2031-12-01,223.07365
2031-12-02,223.07368
2031-12-03,223.0737
2031-12-04,223.07368
2031-12-05,223.07372
2031-12-06,223.07373
2031-12-07,223.07373
2031-12-08,223.07373
2031-12-09,223.07375
2031-12-10,223.07375
2031-12-11,223.07376
2031-12-12,223.07376
2031-12-13,223.07378
2031-12-14,223.07378
2031-12-15,223.0738
2031-12-16,223.0738
2031-12-17,223.07382
2031-12-18,223.07382
2031-12-19,223.07382
2031-12-20,223.07384
2031-12-21,223.07384
2031-12-22,223.07385
2031-12-23,223.07385
2031-12-24,223.07385
2031-12-25,223.07387
2031-12-26,223.07387
2031-12-27,223.07387
2031-12-28,223.07387
2031-12-29,223.07387
2031-12-30,223.07387
2031-12-31,223.07391
2032-01-01,223.07388
2032-01-02,223.07391
2032-01-03,223.07391
2032-01-04,223.07391
2032-01-05,223.07393
2032-01-06,223.07394
2032-01-07,223.07394
2032-01-08,223.07394
2032-01-09,223.07394
2032-01-10,223.07396
2032-01-11,223.07396
2032-01-12,223.07397
2032-01-13,223.07397
2032-01-14,223.07399
2032-01-15,223.07399
2032-01-16,223.07404
2032-01-17,223.07404
2032-01-18,223.074
2032-01-19,223.07405
2032-01-20,223.07404
2032-01-21,223.07405
2032-01-22,223.07407
2032-01-23,223.07405
2032-01-24,223.07407
2032-01-25,223.07408
2032-01-26,223.07408
2032-01-27,223.07408
2032-01-28,223.07408
2032-01-29,223.07411
2032-01-30,223.07411
2032-01-31,223.07411
2032-02-01,223.07414
2032-02-02,223.07414
2032-02-03,223.07414
2032-02-04,223.07416
2032-02-05,223.07414
2032-02-06,223.07416
2032-02-07,223.07417
2032-02-08,223.07417
2032-02-09,223.0742
2032-02-10,223.0742
2032-02-11,223.07423
2032-02-12,223.07426
2032-02-13,223.07426
2032-02-14,223.07428
2032-02-15,223.0743
2032-02-16,223.07431
2032-02-17,223.07433
2032-02-18,223.07433
2032-02-19,223.07433
2032-02-20,223.07434
2032-02-21,223.07436
2032-02-22,223.07439
2032-02-23,223.0744
2032-02-24,223.07442
2032-02-25,223.07442
2032-02-26,223.07443
2032-02-27,223.07446
2032-02-28,223.0745
2032-02-29,223.07451
2032-03-01,223.07451
2032-03-02,223.07454
2032-03-03,223.07454
2032-03-04,223.07455
2032-03-05,223.07455
2032-03-06,223.07455
2032-03-07,223.07457
2032-03-08,223.07458
2032-03-09,223.07462
2032-03-10,223.07463
2032-03-11,223.07465
2032-03-12,223.07465
2032-03-13,223.07465
2032-03-14,223.07466
2032-03-15,223.07468
2032-03-16,223.07468
2032-03-17,223.07468
2032-03-18,223.0747
2032-03-19,223.0747
2032-03-20,223.0747
2032-03-21,223.07474
2032-03-22,223.07475
2032-03-23,223.07475
2032-03-24,223.07477
2032-03-25,223.07478
2032-03-26,223.0748
2032-03-27,223.0748
2032-03-28,223.07481
2032-03-29,223.0748
2032-03-30,223.07481
2032-03-31,223.07481
2032-04-01,223.07481
2032-04-02,223.07484
2032-04-03,223.07486
2032-04-04,223.07486
2032-04-05,223.07487
2032-04-06,223.07487
2032-04-07,223.07489
2032-04-08,223.07489
2032-04-09,223.0749
2032-04-10,223.07492
2032-04-11,223.0749
2032-04-12,223.07494
2032-04-13,223.07497
2032-04-14,223.07497
2032-04-15,223.07498
2032-04-16,223.07498
2032-04-17,223.07498
2032-04-18,223.07498
2032-04-19,223.075
2032-04-20,223.075
2032-04-21,223.07501
2032-04-22,223.07501
2032-04-23,223.07501
2032-04-24,223.07501
2032-04-25,223.07501
2032-04-26,223.07503
2032-04-27,223.07503
2032-04-28,223.07503
2032-04-29,223.07504
2032-04-30,223.07504
2032-05-01,223.07506
2032-05-02,223.07506
2032-05-03,223.07506
2032-05-04,223.07509
2032-05-05,223.07509
2032-05-06,223.07509
2032-05-07,223.0751
2032-05-08,223.07513
2032-05-09,223.07512
2032-05-10,223.07513
2032-05-11,223.07513
2032-05-12,223.07513
2032-05-13,223.07513
2032-05-14,223.07512
2032-05-15,223.07513
2032-05-16,223.07513
2032-05-17,223.07513
2032-05-18,223.07515
2032-05-19,223.07516
2032-05-20,223.07516
2032-05-21,223.0752
2032-05-22,223.07516
2032-05-23,223.0752
2032-05-24,223.07516
2032-05-25,223.0752
2032-05-26,223.07521
2032-05-27,223.07521
2032-05-28,223.07521
2032-05-29,223.07521
2032-05-30,223.07523
2032-05-31,223.07523
2032-06-01,223.07524
2032-06-02,223.07523
2032-06-03,223.07524
2032-06-04,223.07524
2032-06-05,223.07526
2032-06-06,223.07524
2032-06-07,223.07526
2032-06-08,223.07526
2032-06-09,223.07526
2032-06-10,223.07527
2032-06-11,223.07527
2032-06-12,223.07527
2032-06-13,223.07529
2032-06-14,223.07529
2032-06-15,223.07529
2032-06-16,223.07532
2032-06-17,223.07532
2032-06-18,223.07532
2032-06-19,223.07532
2032-06-20,223.07533
2032-06-21,223.07533
2032-06-22,223.07533
2032-06-23,223.07535
2032-06-24,223.07533
2032-06-25,223.07533
2032-06-26,223.07533
2032-06-27,223.07533
2032-06-28,223.07535
2032-06-29,223.07535
2032-06-30,223.07535
2032-07-01,223.07535
2032-07-02,223.07535
2032-07-03,223.07536
2032-07-04,223.07536
2032-07-05,223.07536
2032-07-06,223.07536
2032-07-07,223.07538
2032-07-08,223.07538
2032-07-09,223.07538
2032-07-10,223.0754
2032-07-11,223.0754
2032-07-12,223.07542
2032-07-13,223.0754
2032-07-14,223.07542
2032-07-15,223.07542
2032-07-16,223.0754
2032-07-17,223.07542
2032-07-18,223.07544
2032-07-19,223.07542
2032-07-20,223.07544
2032-07-21,223.07544
2032-07-22,223.07544
2032-07-23,223.07544
2032-07-24,223.07544
2032-07-25,223.07544
2032-07-26,223.07545
2032-07-27,223.07545
2032-07-28,223.07545
2032-07-29,223.07545
2032-07-30,223.07545
2032-07-31,223.07545
2032-08-01,223.07545
2032-08-02,223.07545
2032-08-03,223.07545
2032-08-04,223.07545
2032-08-05,223.07545
2032-08-06,223.07545
2032-08-07,223.07545
2032-08-08,223.07545
2032-08-09,223.07545
2032-08-10,223.07545
2032-08-11,223.07545
2032-08-12,223.07545
2032-08-13,223.07545
2032-08-14,223.07545
2032-08-15,223.07545
2032-08-16,223.07545
2032-08-17,223.07545
2032-08-18,223.07545
2032-08-19,223.07547
2032-08-20,223.07547
2032-08-21,223.07545
2032-08-22,223.07545
2032-08-23,223.07547
2032-08-24,223.07547
2032-08-25,223.07545
2032-08-26,223.07545
2032-08-27,223.07547
2032-08-28,223.07547
2032-08-29,223.07547
2032-08-30,223.07547
2032-08-31,223.07547
2032-09-01,223.07547
2032-09-02,223.07547
2032-09-03,223.07547
2032-09-04,223.07549
2032-09-05,223.07549
2032-09-06,223.07547
2032-09-07,223.07549
2032-09-08,223.07549
2032-09-09,223.07549
2032-09-10,223.07549
2032-09-11,223.07549
2032-09-12,223.07549
2032-09-13,223.07549
2032-09-14,223.07549
2032-09-15,223.07549
2032-09-16,223.0755
2032-09-17,223.07549
2032-09-18,223.0755
2032-09-19,223.0755
2032-09-20,223.0755
2032-09-21,223.07549
2032-09-22,223.07549
2032-09-23,223.07549
2032-09-24,223.0755
2032-09-25,223.0755
2032-09-26,223.0755
2032-09-27,223.07552
2032-09-28,223.0755
2032-09-29,223.07552
2032-09-30,223.0755
2032-10-01,223.0755
2032-10-02,223.07555
2032-10-03,223.07552
2032-10-04,223.07552
2032-10-05,223.07552
2032-10-06,223.07555
2032-10-07,223.07555
2032-10-08,223.07552
2032-10-09,223.07555
2032-10-10,223.07555
2032-10-11,223.07556
2032-10-12,223.07555
2032-10-13,223.07556
2032-10-14,223.07556
2032-10-15,223.07556
2032-10-16,223.07556
2032-10-17,223.07558
2032-10-18,223.07558
2032-10-19,223.07559
2032-10-20,223.07559
2032-10-21,223.07559
2032-10-22,223.07559
2032-10-23,223.0756
2032-10-24,223.0756
2032-10-25,223.07562
2032-10-26,223.07562
2032-10-27,223.07562
2032-10-28,223.07564
2032-10-29,223.07562
2032-10-30,223.07564
2032-10-31,223.07564
2032-11-01,223.07567
2032-11-02,223.07567
2032-11-03,223.07568
2032-11-04,223.07568
2032-11-05,223.0757
2032-11-06,223.07571
2032-11-07,223.07571
2032-11-08,223.07571
2032-11-09,223.07571
2032-11-10,223.07571
2032-11-11,223.07573
2032-11-12,223.07573
2032-11-13,223.07573
2032-11-14,223.07573
2032-11-15,223.07574
2032-11-16,223.07573
2032-11-17,223.07574
2032-11-18,223.07578
2032-11-19,223.07578
2032-11-20,223.07579
2032-11-21,223.07579
2032-11-22,223.07579
2032-11-23,223.07579
2032-11-24,223.07579
2032-11-25,223.07579
2032-11-26,223.07579
2032-11-27,223.07579
2032-11-28,223.0758
2032-11-29,223.0758
2032-11-30,223.0758
2032-12-01,223.0758
2032-12-02,223.0758
2032-12-03,223.07582
2032-12-04,223.0758
2032-12-05,223.07582
2032-12-06,223.07582
2032-12-07,223.07582
2032-12-08,223.07582
2032-12-09,223.07582
2032-12-10,223.07582
2032-12-11,223.07584
2032-12-12,223.07584
2032-12-13,223.07582
2032-12-14,223.07584
2032-12-15,223.07584
2032-12-16,223.07584
2032-12-17,223.07584
2032-12-18,223.07584
2032-12-19,223.07584
2032-12-20,223.07584
2032-12-21,223.07584
2032-12-22,223.07584
2032-12-23,223.07584
2032-12-24,223.07584
2032-12-25,223.07585
2032-12-26,223.07585
2032-12-27,223.07584
2032-12-28,223.07584
2032-12-29,223.07584
2032-12-30,223.07584
2032-12-31,223.07585
2033-01-01,223.07584
2033-01-02,223.07584
2033-01-03,223.07584
2033-01-04,223.07584
2033-01-05,223.07584
2033-01-06,223.07584
2033-01-07,223.07584
2033-01-08,223.07584
2033-01-09,223.07584
2033-01-10,223.07584
2033-01-11,223.07584
2033-01-12,223.07584
2033-01-13,223.07584
2033-01-14,223.07584
2033-01-15,223.07584
2033-01-16,223.07584
2033-01-17,223.07584
2033-01-18,223.07584
2033-01-19,223.07584
2033-01-20,223.07584
2033-01-21,223.07584
2033-01-22,223.07584
2033-01-23,223.07584
2033-01-24,223.07584
2033-01-25,223.07584
2033-01-26,223.07584
2033-01-27,223.07584
2033-01-28,223.07584
2033-01-29,223.07584
2033-01-30,223.07584
2033-01-31,223.07584
2033-02-01,223.07584
2033-02-02,223.07584
2033-02-03,223.07584
2033-02-04,223.07584
2033-02-05,223.07584
2033-02-06,223.07584
2033-02-07,223.07584
2033-02-08,223.07584
2033-02-09,223.07584
2033-02-10,223.07584
2033-02-11,223.07584
2033-02-12,223.07584
2033-02-13,223.07584
2033-02-14,223.07584
2033-02-15,223.07584
2033-02-16,223.07584
2033-02-17,223.07584
2033-02-18,223.07584
2033-02-19,223.07584
2033-02-20,223.07584
2033-02-21,223.07584
2033-02-22,223.07584
2033-02-23,223.07584
2033-02-24,223.07584
2033-02-25,223.07584
2033-02-26,223.07584
2033-02-27,223.07584
2033-02-28,223.07584
2033-03-01,223.07584
2033-03-02,223.07584
2033-03-03,223.07584
2033-03-04,223.07584
2033-03-05,223.07584
2033-03-06,223.07584
2033-03-07,223.07584
2033-03-08,223.07584
2033-03-09,223.07584
2033-03-10,223.07584
2033-03-11,223.07584
2033-03-12,223.07584
2033-03-13,223.07584
2033-03-14,223.07584
2033-03-15,223.07584
2033-03-16,223.07584
2033-03-17,223.07584
2033-03-18,223.07584
2033-03-19,223.07584
2033-03-20,223.07584
2033-03-21,223.07584
2033-03-22,223.07584
2033-03-23,223.07584
2033-03-24,223.07584
2033-03-25,223.07584
2033-03-26,223.07584
2033-03-27,223.07584
2033-03-28,223.07584
2033-03-29,223.07584
2033-03-30,223.07584
2033-03-31,223.07584
2033-04-01,223.07584
2033-04-02,223.07584
2033-04-03,223.07584
2033-04-04,223.07584
2033-04-05,223.07584
2033-04-06,223.07584
2033-04-07,223.07584
2033-04-08,223.07584
2033-04-09,223.07584
2033-04-10,223.07584
2033-04-11,223.07584
2033-04-12,223.07584
2033-04-13,223.07584
2033-04-14,223.07584
2033-04-15,223.07584
2033-04-16,223.07584
2033-04-17,223.07584
2033-04-18,223.07584
2033-04-19,223.07584
2033-04-20,223.07584
2033-04-21,223.07584
2033-04-22,223.07584
2033-04-23,223.07584
2033-04-24,223.07584
2033-04-25,223.07584
2033-04-26,223.07584
2033-04-27,223.07584
2033-04-28,223.07584
2033-04-29,223.07584
2033-04-30,223.07584
2033-05-01,223.07584
2033-05-02,223.07584
2033-05-03,223.07584
2033-05-04,223.07584
2033-05-05,223.07584
2033-05-06,223.07584
2033-05-07,223.07584
2033-05-08,223.07584
2033-05-09,223.07584
2033-05-10,223.07584
2033-05-11,223.07584
2033-05-12,223.07584
2033-05-13,223.07584
2033-05-14,223.07584
2033-05-15,223.07584
2033-05-16,223.07584
2033-05-17,223.07584
2033-05-18,223.07584
2033-05-19,223.07584
2033-05-20,223.07584
2033-05-21,223.07584
2033-05-22,223.07584
2033-05-23,223.07584
2033-05-24,223.07584
2033-05-25,223.07584
2033-05-26,223.07584
2033-05-27,223.07584
2033-05-28,223.07584
2033-05-29,223.07584
2033-05-30,223.07584
2033-05-31,223.07584
2033-06-01,223.07584
2033-06-02,223.07584
2033-06-03,223.07584
2033-06-04,223.07584
2033-06-05,223.07584
2033-06-06,223.07584
2033-06-07,223.07584
2033-06-08,223.07584
2033-06-09,223.07584
2033-06-10,223.07584
2033-06-11,223.07584
2033-06-12,223.07584
2033-06-13,223.07584
2033-06-14,223.07584
2033-06-15,223.07584
2033-06-16,223.07584
2033-06-17,223.07584
2033-06-18,223.07584
2033-06-19,223.07584
2033-06-20,223.07584
2033-06-21,223.07584
2033-06-22,223.07584
2033-06-23,223.07584
2033-06-24,223.07584
2033-06-25,223.07584
2033-06-26,223.07584
2033-06-27,223.07584
2033-06-28,223.07584
2033-06-29,223.07584
2033-06-30,223.07584
2033-07-01,223.07584
2033-07-02,223.07584
2033-07-03,223.07584
2033-07-04,223.07584
2033-07-05,223.07584
2033-07-06,223.07584
2033-07-07,223.07584
2033-07-08,223.07584
2033-07-09,223.07584
2033-07-10,223.07584
2033-07-11,223.07584
2033-07-12,223.07584
2033-07-13,223.07584
2033-07-14,223.07584
2033-07-15,223.07584
2033-07-16,223.07584
2033-07-17,223.07584
2033-07-18,223.07584
2033-07-19,223.07584
2033-07-20,223.07584
2033-07-21,223.07584
2033-07-22,223.07584
2033-07-23,223.07584
2033-07-24,223.07584
2033-07-25,223.07584
2033-07-26,223.07584
2033-07-27,223.07584
2033-07-28,223.07584
2033-07-29,223.07584
2033-07-30,223.07584
2033-07-31,223.07584
2033-08-01,223.07584
2033-08-02,223.07584
2033-08-03,223.07584
2033-08-04,223.07584
2033-08-05,223.07584
2033-08-06,223.07584
2033-08-07,223.07584
2033-08-08,223.07584
2033-08-09,223.07584
2033-08-10,223.07584
2033-08-11,223.07584
2033-08-12,223.07584
2033-08-13,223.07584
2033-08-14,223.07584
2033-08-15,223.07584
2033-08-16,223.07584
2033-08-17,223.07584
2033-08-18,223.07584
2033-08-19,223.07584
2033-08-20,223.07584
2033-08-21,223.07584
2033-08-22,223.07584
2033-08-23,223.07584
2033-08-24,223.07584
2033-08-25,223.07584
2033-08-26,223.07584
2033-08-27,223.07584
2033-08-28,223.07584
2033-08-29,223.07584
2033-08-30,223.07584
2033-08-31,223.07584
2033-09-01,223.07584
2033-09-02,223.07584
2033-09-03,223.07584
2033-09-04,223.07584
2033-09-05,223.07584
2033-09-06,223.07584
2033-09-07,223.07584
2033-09-08,223.07584
2033-09-09,223.07584
2033-09-10,223.07584
2033-09-11,223.07584
2033-09-12,223.07584
2033-09-13,223.07584
2033-09-14,223.07584
2033-09-15,223.07584
2033-09-16,223.07584
2033-09-17,223.07584
2033-09-18,223.07584
2033-09-19,223.07584
2033-09-20,223.07584
2033-09-21,223.07584
2033-09-22,223.07584
2033-09-23,223.07584
2033-09-24,223.07584
2033-09-25,223.07584
2033-09-26,223.07584
2033-09-27,223.07584
2033-09-28,223.07584
2033-09-29,223.07584
2033-09-30,223.07584
2033-10-01,223.07584
2033-10-02,223.07584
2033-10-03,223.07584
2033-10-04,223.07584
2033-10-05,223.07584
2033-10-06,223.07584
2033-10-07,223.07584
2033-10-08,223.07584
2033-10-09,223.07584
2033-10-10,223.07584
2033-10-11,223.07584
2033-10-12,223.07584
2033-10-13,223.07584
2033-10-14,223.07584
2033-10-15,223.07584
2033-10-16,223.07584
2033-10-17,223.07584
2033-10-18,223.07584
2033-10-19,223.07584
2033-10-20,223.07584
2033-10-21,223.07584
2033-10-22,223.07584
2033-10-23,223.07584
2033-10-24,223.07584
2033-10-25,223.07584
2033-10-26,223.07584
2033-10-27,223.07584
2033-10-28,223.07584
2033-10-29,223.07584
2033-10-30,223.07584
2033-10-31,223.07584
2033-11-01,223.07584
2033-11-02,223.07584
2033-11-03,223.07584
2033-11-04,223.07584
2033-11-05,223.07584
2033-11-06,223.07584
2033-11-07,223.07584
2033-11-08,223.07584
2033-11-09,223.07584
2033-11-10,223.07584
2033-11-11,223.07584
2033-11-12,223.07584
2033-11-13,223.07584
2033-11-14,223.07584
2033-11-15,223.07584
2033-11-16,223.07584
2033-11-17,223.07584
2033-11-18,223.07584
2033-11-19,223.07584
2033-11-20,223.07584
2033-11-21,223.07584
2033-11-22,223.07584
2033-11-23,223.07584
2033-11-24,223.07584
2033-11-25,223.07584
2033-11-26,223.07584
2033-11-27,223.07584
2033-11-28,223.07584
2033-11-29,223.07584
2033-11-30,223.07584
2033-12-01,223.07584
2033-12-02,223.07584
2033-12-03,223.07584
2033-12-04,223.07584
2033-12-05,223.07584
2033-12-06,223.07584
2033-12-07,223.07584
2033-12-08,223.07584
2033-12-09,223.07584
2033-12-10,223.07584
2033-12-11,223.07584
2033-12-12,223.07584
2033-12-13,223.07584
2033-12-14,223.07584
2033-12-15,223.07584
2033-12-16,223.07584
2033-12-17,223.07584
2033-12-18,223.07584
2033-12-19,223.07584
2033-12-20,223.07584
2033-12-21,223.07584
2033-12-22,223.07584
2033-12-23,223.07584
2033-12-24,223.07584
2033-12-25,223.07584
2033-12-26,223.07584
2033-12-27,223.07584
2033-12-28,223.07584
2033-12-29,223.07584
2033-12-30,223.07584
2033-12-31,223.07584
2034-01-01,223.07584
2034-01-02,223.07584
2034-01-03,223.07584
2034-01-04,223.07584
2034-01-05,223.07584
2034-01-06,223.07584
2034-01-07,223.07584
2034-01-08,223.07584
2034-01-09,223.07584
2034-01-10,223.07584
2034-01-11,223.07584
2034-01-12,223.07584
2034-01-13,223.07584
2034-01-14,223.07584
2034-01-15,223.07584
2034-01-16,223.07584
2034-01-17,223.07584
2034-01-18,223.07584
2034-01-19,223.07584
2034-01-20,223.07584
2034-01-21,223.07584
2034-01-22,223.07584
2034-01-23,223.07584
2034-01-24,223.07584
2034-01-25,223.07584
2034-01-26,223.07584
2034-01-27,223.07584
2034-01-28,223.07584
2034-01-29,223.07584
2034-01-30,223.07584
2034-01-31,223.07584
2034-02-01,223.07584
2034-02-02,223.07584
2034-02-03,223.07584
2034-02-04,223.07584
2034-02-05,223.07584
2034-02-06,223.07584
2034-02-07,223.07584
2034-02-08,223.07584
2034-02-09,223.07584
2034-02-10,223.07584
2034-02-11,223.07584
2034-02-12,223.07584
2034-02-13,223.07584
2034-02-14,223.07584
2034-02-15,223.07584
2034-02-16,223.07584
2034-02-17,223.07584
2034-02-18,223.07584
2034-02-19,223.07584
2034-02-20,223.07584
2034-02-21,223.07584
2034-02-22,223.07584
2034-02-23,223.07584
2034-02-24,223.07584
2034-02-25,223.07584
2034-02-26,223.07584
2034-02-27,223.07584
2034-02-28,223.07584
2034-03-01,223.07584
2034-03-02,223.07584
2034-03-03,223.07584
2034-03-04,223.07584
2034-03-05,223.07584
2034-03-06,223.07584
2034-03-07,223.07584
2034-03-08,223.07584
2034-03-09,223.07584
2034-03-10,223.07584
2034-03-11,223.07584
2034-03-12,223.07584
2034-03-13,223.07584
2034-03-14,223.07584
2034-03-15,223.07584
2034-03-16,223.07584
2034-03-17,223.07584
2034-03-18,223.07584
2034-03-19,223.07584
2034-03-20,223.07584
2034-03-21,223.07584
2034-03-22,223.07584
2034-03-23,223.07584
2034-03-24,223.07584
2034-03-25,223.07584
2034-03-26,223.07584
2034-03-27,223.07584
2034-03-28,223.07584
2034-03-29,223.07584
2034-03-30,223.07584
2034-03-31,223.07584
2034-04-01,223.07584
2034-04-02,223.07584
2034-04-03,223.07584
2034-04-04,223.07584
2034-04-05,223.07584
2034-04-06,223.07584
2034-04-07,223.07584
2034-04-08,223.07584
2034-04-09,223.07584
2034-04-10,223.07584
2034-04-11,223.07584
2034-04-12,223.07584
2034-04-13,223.07584
2034-04-14,223.07584
2034-04-15,223.07584
2034-04-16,223.07584
2034-04-17,223.07584
2034-04-18,223.07584
2034-04-19,223.07584
2034-04-20,223.07584
2034-04-21,223.07584
2034-04-22,223.07584
2034-04-23,223.07584
2034-04-24,223.07584
2034-04-25,223.07584
2034-04-26,223.07584
2034-04-27,223.07584
2034-04-28,223.07584
2034-04-29,223.07584
2034-04-30,223.07584
2034-05-01,223.07584
2034-05-02,223.07584
2034-05-03,223.07584
2034-05-04,223.07584
2034-05-05,223.07584
2034-05-06,223.07584
2034-05-07,223.07584
2034-05-08,223.07584
2034-05-09,223.07584
2034-05-10,223.07584
2034-05-11,223.07584
2034-05-12,223.07584
2034-05-13,223.07584
2034-05-14,223.07584
2034-05-15,223.07584
2034-05-16,223.07584
2034-05-17,223.07584
2034-05-18,223.07584
2034-05-19,223.07584
2034-05-20,223.07584
2034-05-21,223.07584
2034-05-22,223.07584
2034-05-23,223.07584
2034-05-24,223.07584
2034-05-25,223.07584
2034-05-26,223.07584
2034-05-27,223.07584
2034-05-28,223.07584
2034-05-29,223.07584
2034-05-30,223.07584
2034-05-31,223.07584
2034-06-01,223.07584
2034-06-02,223.07584
2034-06-03,223.07584
2034-06-04,223.07584
2034-06-05,223.07584
2034-06-06,223.07584
2034-06-07,223.07584
2034-06-08,223.07584
2034-06-09,223.07584
2034-06-10,223.07584
2034-06-11,223.07584
2034-06-12,223.07584
2034-06-13,223.07584
2034-06-14,223.07584
2034-06-15,223.07584
2034-06-16,223.07584
2034-06-17,223.07584
2034-06-18,223.07584
2034-06-19,223.07584
2034-06-20,223.07584
2034-06-21,223.07584
2034-06-22,223.07584
2034-06-23,223.07584
2034-06-24,223.07584
2034-06-25,223.07584
2034-06-26,223.07584
2034-06-27,223.07584
2034-06-28,223.07584
2034-06-29,223.07584
2034-06-30,223.07584
2034-07-01,223.07584
2034-07-02,223.07584
2034-07-03,223.07584
2034-07-04,223.07584
2034-07-05,223.07584
2034-07-06,223.07584
2034-07-07,223.07584
2034-07-08,223.07584
2034-07-09,223.07584
2034-07-10,223.07584
2034-07-11,223.07584
2034-07-12,223.07584
2034-07-13,223.07584
2034-07-14,223.07584
2034-07-15,223.07584
2034-07-16,223.07584
2034-07-17,223.07584
2034-07-18,223.07584
2034-07-19,223.07584
2034-07-20,223.07584
2034-07-21,223.07584
2034-07-22,223.07584
2034-07-23,223.07584
2034-07-24,223.07584
2034-07-25,223.07584
2034-07-26,223.07584
2034-07-27,223.07584
2034-07-28,223.07584
2034-07-29,223.07584
2034-07-30,223.07584
2034-07-31,223.07584
2034-08-01,223.07584
2034-08-02,223.07584
2034-08-03,223.07584
2034-08-04,223.07584
2034-08-05,223.07584
2034-08-06,223.07584
2034-08-07,223.07584
2034-08-08,223.07584
2034-08-09,223.07584
2034-08-10,223.07584
2034-08-11,223.07584
2034-08-12,223.07584
2034-08-13,223.07584
2034-08-14,223.07584
2034-08-15,223.07584
2034-08-16,223.07584
2034-08-17,223.07584
2034-08-18,223.07584
2034-08-19,223.07584
2034-08-20,223.07584
2034-08-21,223.07584
2034-08-22,223.07584
2034-08-23,223.07584
2034-08-24,223.07584
2034-08-25,223.07584
2034-08-26,223.07584
2034-08-27,223.07584
2034-08-28,223.07584
2034-08-29,223.07584
2034-08-30,223.07584
2034-08-31,223.07584
2034-09-01,223.07584
2034-09-02,223.07584
2034-09-03,223.07584
2034-09-04,223.07584
2034-09-05,223.07584
2034-09-06,223.07584
2034-09-07,223.07584
2034-09-08,223.07584
2034-09-09,223.07584
2034-09-10,223.07584
2034-09-11,223.07584
2034-09-12,223.07584
2034-09-13,223.07584
2034-09-14,223.07584
2034-09-15,223.07584
2034-09-16,223.07584
2034-09-17,223.07584
2034-09-18,223.07584
2034-09-19,223.07584
2034-09-20,223.07584
2034-09-21,223.07584
2034-09-22,223.07584
2034-09-23,223.07584
2034-09-24,223.07584
2034-09-25,223.07584
2034-09-26,223.07584
2034-09-27,223.07584
2034-09-28,223.07584
2034-09-29,223.07584
2034-09-30,223.07584
2034-10-01,223.07584
2034-10-02,223.07584
2034-10-03,223.07584
2034-10-04,223.07584
2034-10-05,223.07584
2034-10-06,223.07584
2034-10-07,223.07584
2034-10-08,223.07584
2034-10-09,223.07584
2034-10-10,223.07584
2034-10-11,223.07584
2034-10-12,223.07584
2034-10-13,223.07584
2034-10-14,223.07584
2034-10-15,223.07584
2034-10-16,223.07584
2034-10-17,223.07584
2034-10-18,223.07584
2034-10-19,223.07584
2034-10-20,223.07584
2034-10-21,223.07584
2034-10-22,223.07584
2034-10-23,223.07584
2034-10-24,223.07584
2034-10-25,223.07584
2034-10-26,223.07584
2034-10-27,223.07584
2034-10-28,223.07584
2034-10-29,223.07584
2034-10-30,223.07584
2034-10-31,223.07584
2034-11-01,223.07584
2034-11-02,223.07584
2034-11-03,223.07584
2034-11-04,223.07584
2034-11-05,223.07584
2034-11-06,223.07584
2034-11-07,223.07584
2034-11-08,223.07584
2034-11-09,223.07584
2034-11-10,223.07584
2034-11-11,223.07584
2034-11-12,223.07584
2034-11-13,223.07584
2034-11-14,223.07584
2034-11-15,223.07584
2034-11-16,223.07584
2034-11-17,223.07584
2034-11-18,223.07584
2034-11-19,223.07584
2034-11-20,223.07584
2034-11-21,223.07584
2034-11-22,223.07584
2034-11-23,223.07584
2034-11-24,223.07584
2034-11-25,223.07584
2034-11-26,223.07584
2034-11-27,223.07584
2034-11-28,223.07584
2034-11-29,223.07584
2034-11-30,223.07584
2034-12-01,223.07584
2034-12-02,223.07584
2034-12-03,223.07584
2034-12-04,223.07584
2034-12-05,223.07584
2034-12-06,223.07584
2034-12-07,223.07584
2034-12-08,223.07584
2034-12-09,223.07584
2034-12-10,223.07584
2034-12-11,223.07584
2034-12-12,223.07584
2034-12-13,223.07584
2034-12-14,223.07584
2034-12-15,223.07584
2034-12-16,223.07584
2034-12-17,223.07584
2034-12-18,223.07584
2034-12-19,223.07584
2034-12-20,223.07584
2034-12-21,223.07584
2034-12-22,223.07584
2034-12-23,223.07584
2034-12-24,223.07584
2034-12-25,223.07584
2034-12-26,223.07584
2034-12-27,223.07584
2034-12-28,223.07584
2034-12-29,223.07584
